timestamp,pm25,pm10,co,so2,no2,o3,temperature,humidity,pressure,wind_speed,clouds,aqi,day,month,day_of_week,aqi_lag_1d,aqi_lag_2d,aqi_lag_3d,aqi_lag_7d,pm25_lag_1d,pm25_lag_2d,pm25_lag_3d,pm25_lag_7d,aqi_rolling_mean_3d,aqi_rolling_mean_7d,aqi_rolling_mean_14d,pm25_rolling_mean_3d,pm25_rolling_mean_7d,pm25_rolling_mean_14d,aqi_change_rate,target_aqi_day1,target_aqi_day2,target_aqi_day3
2024-08-22,36.53333333333333,66.80833333333334,545.625,15.958333333333334,25.0875,106.83333333333331,29.6875,79.54166666666667,978.1875,4.629166666666666,11.25,104.0,22,8,3,107.0,109.0,91.0,138.0,37.8625,38.725,31.35,50.55,106.66666666666669,97.71428571428572,102.75,37.706944444444446,33.892857142857146,35.975,-3.0,150.0,153.0,145.0
2024-08-23,55.325,99.19583333333333,824.6666666666666,15.316666666666668,40.7875,105.20833333333331,29.416666666666668,78.25,979.0541666666668,7.016666666666667,14.625,150.0,23,8,4,104.0,107.0,109.0,74.0,36.53333333333333,37.8625,38.725,23.27083333333333,120.33333333333331,108.57142857142856,108.0,43.24027777777778,38.47202380952381,38.125,46.0,153.0,145.0,125.0
2024-08-24,59.20416666666667,101.34166666666664,849.2916666666666,16.008333333333333,40.3875,114.41666666666669,29.35833333333333,80.125,978.8708333333334,5.875,10.791666666666666,153.0,24,8,5,150.0,104.0,107.0,88.0,55.325,36.53333333333333,37.8625,29.883333333333336,135.66666666666666,117.85714285714286,112.5,50.35416666666666,42.660714285714285,40.23291666666667,3.0,145.0,125.0,80.0
2024-08-25,53.395833333333336,87.29166666666667,807.1666666666666,11.7,34.479166666666664,102.875,29.59583333333333,79.125,977.2416666666668,5.354166666666667,17.791666666666668,145.0,25,8,6,153.0,150.0,104.0,111.0,59.20416666666667,55.325,36.53333333333333,39.625,149.33333333333334,122.71428571428572,115.45454545454544,55.975,44.62797619047619,41.429545454545455,-8.0,125.0,80.0,70.0
2024-08-26,45.15833333333333,69.08333333333333,661.2916666666666,13.145833333333334,29.554166666666664,116.33333333333331,29.633333333333336,79.83333333333333,977.6166666666668,6.320833333333333,37.125,125.0,26,8,0,145.0,153.0,150.0,91.0,53.395833333333336,59.20416666666667,55.325,31.35,141.0,127.57142857142856,116.25,52.58611111111111,46.600595238095245,41.74027777777778,-20.0,80.0,70.0,74.0
2024-08-27,25.791666666666668,37.22916666666666,489.375,10.983333333333334,20.529166666666665,84.25,27.879166666666663,83.75,980.0125,10.395833333333334,94.75,80.0,27,8,1,125.0,145.0,153.0,109.0,45.15833333333333,53.395833333333336,59.20416666666667,38.725,116.66666666666669,123.42857142857144,113.46153846153848,41.44861111111111,44.75297619047619,40.513461538461534,-45.0,70.0,74.0,88.0
2024-08-28,21.075,30.14583333333333,449.375,7.429166666666667,20.041666666666668,78.95833333333333,26.679166666666664,89.54166666666667,978.5458333333332,8.141666666666667,91.16666666666669,70.0,28,8,2,80.0,125.0,145.0,107.0,25.791666666666668,45.15833333333333,53.395833333333336,37.8625,91.66666666666669,118.14285714285714,110.35714285714286,30.675,42.35476190476191,39.125,-10.0,74.0,88.0,95.0
2024-08-29,23.025,33.63333333333333,400.6666666666667,9.5875,15.7625,74.33333333333333,25.7625,88.125,978.9625,15.1875,99.66666666666669,74.0,29,8,3,70.0,80.0,125.0,104.0,21.075,25.791666666666668,45.15833333333333,36.53333333333333,74.66666666666667,113.85714285714286,105.78571428571428,23.29722222222222,40.425,37.158928571428575,4.0,88.0,95.0,129.0
2024-08-30,29.504166666666663,43.77916666666667,405.25,12.583333333333334,17.545833333333334,86.875,27.3625,84.95833333333333,981.3625,7.408333333333334,36.583333333333336,88.0,30,8,4,74.0,70.0,80.0,150.0,23.025,21.075,25.791666666666668,55.325,77.33333333333333,105.0,106.78571428571428,24.534722222222214,36.73630952380953,37.60416666666667,14.0,95.0,129.0,113.0
2024-08-31,32.93333333333333,49.38333333333333,618.2083333333334,11.908333333333331,29.425,87.0,28.870833333333334,80.75,979.9625,6.783333333333334,2.0416666666666665,95.0,31,8,5,88.0,74.0,70.0,153.0,29.504166666666663,23.025,21.075,59.20416666666667,85.66666666666667,96.71428571428572,107.28571428571428,28.4875,32.983333333333334,37.822023809523806,7.0,129.0,113.0,109.0
2024-09-01,47.04166666666666,70.4375,1042.75,14.7875,49.76666666666667,88.58333333333333,29.825,77.79166666666667,979.3833333333332,4.608333333333333,5.458333333333333,129.0,1,9,6,95.0,88.0,74.0,145.0,32.93333333333333,29.504166666666663,23.025,53.395833333333336,104.0,94.42857142857144,108.57142857142856,36.49305555555555,32.07559523809524,38.35178571428572,34.0,113.0,109.0,116.0
2024-09-02,40.43333333333333,60.333333333333336,526.75,10.670833333333334,17.7625,114.66666666666669,28.03333333333333,85.83333333333333,980.1916666666666,8.445833333333333,40.79166666666666,113.0,2,9,0,129.0,95.0,88.0,125.0,47.04166666666666,32.93333333333333,29.504166666666663,45.15833333333333,112.33333333333331,92.71428571428572,110.14285714285714,40.13611111111111,31.40059523809524,39.00059523809524,-16.0,109.0,116.0,118.0
2024-09-03,38.56666666666667,55.85416666666666,530.9166666666666,12.5625,20.979166666666668,102.0,26.59166666666667,90.41666666666669,981.3666666666668,5.3625,93.79166666666669,109.0,3,9,1,113.0,129.0,95.0,80.0,40.43333333333333,47.04166666666666,32.93333333333333,25.791666666666668,117.0,96.85714285714286,110.14285714285714,42.013888888888886,33.22559523809524,38.989285714285714,-4.0,116.0,118.0,81.0
2024-09-04,41.6,60.00416666666666,659.9166666666666,14.2375,26.216666666666665,114.04166666666669,27.52916666666667,85.08333333333333,977.9875,4.341666666666667,25.041666666666668,116.0,4,9,2,109.0,113.0,129.0,70.0,38.56666666666667,40.43333333333333,47.04166666666666,21.075,112.66666666666669,103.42857142857144,110.78571428571428,40.2,36.157738095238095,39.25625,7.0,118.0,81.0,96.0
2024-09-05,42.30833333333333,61.05833333333334,609.9166666666666,16.158333333333335,22.35833333333333,123.25,27.3625,83.08333333333333,976.5416666666666,5.366666666666667,25.45833333333333,118.0,5,9,3,116.0,109.0,113.0,74.0,41.6,38.56666666666667,40.43333333333333,23.025,114.33333333333331,109.71428571428572,111.78571428571428,40.825,38.9125,39.66875,2.0,81.0,96.0,101.0
2024-09-06,26.5,38.075,436.7916666666667,8.083333333333334,15.045833333333334,106.75,27.8375,84.08333333333333,978.7833333333332,8.141666666666667,15.333333333333334,81.0,6,9,4,118.0,116.0,109.0,88.0,42.30833333333333,41.6,38.56666666666667,29.504166666666663,105.0,108.71428571428572,106.85714285714286,36.80277777777778,38.48333333333333,37.60982142857143,-37.0,96.0,101.0,141.0
2024-09-07,33.28333333333333,47.62916666666666,824.0,10.841666666666669,37.24583333333333,89.625,27.2125,83.20833333333333,979.9583333333334,6.716666666666666,18.0,96.0,7,9,5,81.0,118.0,116.0,95.0,26.5,42.30833333333333,41.6,32.93333333333333,98.33333333333331,108.85714285714286,102.78571428571428,34.03055555555556,38.53333333333334,35.75833333333333,15.0,101.0,141.0,146.0
2024-09-08,35.59583333333333,50.89166666666667,828.5833333333334,11.0875,38.12916666666667,89.875,28.5375,79.5,979.0208333333334,5.366666666666667,12.0,101.0,8,9,6,96.0,81.0,118.0,129.0,33.28333333333333,26.5,42.30833333333333,47.04166666666666,92.66666666666669,104.85714285714286,99.64285714285714,31.793055555555554,36.89821428571429,34.48690476190476,5.0,141.0,146.0,127.0
2024-09-09,51.925,78.25,875.125,12.204166666666666,35.02916666666667,101.75,29.39583333333333,76.83333333333333,976.7,3.545833333333333,7.166666666666667,141.0,9,9,0,101.0,96.0,81.0,113.0,35.59583333333333,33.28333333333333,26.5,40.43333333333333,112.66666666666669,108.85714285714286,100.78571428571428,40.26805555555556,38.53988095238096,34.970238095238095,40.0,146.0,127.0,141.0
2024-09-10,53.7875,82.58749999999999,908.6666666666666,12.270833333333334,39.2625,89.875,28.2,83.41666666666667,976.8791666666666,6.191666666666666,13.875,146.0,10,9,1,141.0,101.0,96.0,109.0,51.925,35.59583333333333,33.28333333333333,38.56666666666667,129.33333333333334,114.14285714285714,105.5,47.10277777777778,40.71428571428572,36.96994047619047,5.0,127.0,141.0,121.0
2024-09-11,45.97916666666666,66.97500000000001,856.1666666666666,12.95,39.21666666666667,97.08333333333331,28.808333333333334,79.58333333333333,976.6708333333332,5.633333333333333,4.083333333333333,127.0,11,9,2,146.0,141.0,101.0,116.0,53.7875,51.925,35.59583333333333,41.6,138.0,115.71428571428572,109.57142857142856,50.56388888888889,41.33988095238095,38.74880952380953,-19.0,141.0,121.0,152.0
2024-09-12,51.575,79.3875,849.375,12.016666666666666,32.975,114.25,29.83333333333333,73.0,975.0208333333334,8.85,1.8333333333333333,141.0,12,9,3,127.0,146.0,141.0,118.0,45.97916666666666,53.7875,51.925,42.30833333333333,138.0,119.0,114.35714285714286,50.447222222222216,42.66369047619048,40.78809523809524,14.0,121.0,152.0,162.0
2024-09-13,43.67916666666667,70.22083333333333,604.9583333333334,16.029166666666665,19.0,129.95833333333334,29.1125,75.58333333333333,974.7958333333332,8.75,3.875,121.0,13,9,4,141.0,127.0,146.0,81.0,51.575,45.97916666666666,53.7875,26.5,129.66666666666666,124.71428571428572,116.71428571428572,47.077777777777776,45.11785714285714,41.800595238095234,-20.0,152.0,162.0,165.0
2024-09-14,57.645833333333336,125.11666666666667,909.0833333333334,14.958333333333334,40.520833333333336,97.125,28.125,76.54166666666667,977.0541666666668,7.1875,4.958333333333333,152.0,14,9,5,121.0,141.0,127.0,96.0,43.67916666666667,51.575,45.97916666666666,33.28333333333333,138.0,132.71428571428572,120.78571428571428,50.96666666666667,48.598214285714285,43.56577380952381,31.0,162.0,165.0,161.0
2024-09-15,76.99166666666666,162.10416666666666,1420.0833333333333,19.22083333333333,58.3,93.95833333333331,28.73333333333333,68.66666666666667,977.925,6.179166666666667,6.625,162.0,15,9,6,152.0,121.0,141.0,101.0,57.645833333333336,43.67916666666667,51.575,35.59583333333333,145.0,141.42857142857142,123.14285714285714,59.43888888888889,54.511904761904766,45.70505952380952,10.0,165.0,161.0,158.0
2024-09-16,83.125,172.92499999999998,1525.875,19.883333333333333,64.5,89.66666666666667,28.48333333333333,67.0,979.7291666666666,5.033333333333333,0.0833333333333333,165.0,16,9,0,162.0,152.0,121.0,141.0,76.99166666666666,57.645833333333336,43.67916666666667,51.925,159.66666666666666,144.85714285714286,126.85714285714286,72.58749999999999,58.969047619047615,48.754464285714285,3.0,161.0,158.0,81.0
2024-09-17,75.27499999999999,146.1625,1285.7916666666667,17.254166666666666,57.2125,87.70833333333333,29.3625,68.45833333333333,980.625,4.5625,3.0,161.0,17,9,1,165.0,162.0,152.0,146.0,83.125,76.99166666666666,57.645833333333336,53.7875,162.66666666666666,147.0,130.57142857142858,78.46388888888889,62.03869047619048,51.37648809523809,-4.0,158.0,81.0,138.0
2024-09-18,69.4875,127.2875,1115.875,16.508333333333333,47.65833333333333,100.04166666666669,28.5,72.75,980.3333333333334,5.379166666666666,11.083333333333334,158.0,18,9,2,161.0,165.0,162.0,127.0,75.27499999999999,83.125,76.99166666666666,45.97916666666666,161.33333333333334,151.42857142857142,133.57142857142858,75.96249999999999,65.39702380952382,53.36845238095238,-3.0,81.0,138.0,154.0
2024-09-19,26.179166666666664,38.8875,445.0833333333333,8.179166666666667,22.10833333333333,52.125,26.79583333333333,74.0,981.025,7.791666666666667,52.208333333333336,81.0,19,9,3,158.0,161.0,165.0,141.0,69.4875,75.27499999999999,83.125,51.575,133.33333333333334,142.85714285714286,130.92857142857142,56.980555555555554,61.76904761904762,52.21636904761904,-77.0,138.0,154.0,156.0
2024-09-20,50.475,73.72916666666667,1054.2916666666667,15.329166666666666,48.10833333333333,86.95833333333333,28.425,70.58333333333333,980.4041666666668,5.608333333333333,0.0416666666666666,138.0,20,9,4,81.0,158.0,161.0,121.0,26.179166666666664,69.4875,75.27499999999999,43.67916666666667,125.66666666666669,145.28571428571428,135.0,48.71388888888888,62.73988095238095,53.928869047619045,57.0,154.0,156.0,157.0
2024-09-21,62.1875,91.4375,1312.0833333333333,19.541666666666668,60.71666666666667,97.875,29.28333333333333,68.41666666666667,981.3791666666666,4.904166666666667,1.2083333333333333,154.0,21,9,5,138.0,81.0,158.0,152.0,50.475,26.179166666666664,69.4875,57.645833333333336,124.33333333333331,145.57142857142858,139.14285714285714,46.28055555555556,63.38869047619047,55.99345238095238,16.0,156.0,157.0,158.0
2024-09-22,65.28333333333333,96.32083333333333,1228.125,19.216666666666665,56.35416666666666,102.41666666666669,30.495833333333334,68.0,980.65,6.6625000000000005,7.041666666666667,156.0,22,9,6,154.0,138.0,81.0,162.0,62.1875,50.475,26.179166666666664,76.99166666666666,149.33333333333334,144.71428571428572,143.07142857142858,59.31527777777777,61.71607142857142,58.11398809523809,2.0,157.0,158.0,158.0
2024-09-23,66.42916666666666,97.9625,1292.5416666666667,19.4375,55.45416666666667,100.95833333333331,31.02083333333333,64.95833333333333,980.2208333333332,6.55,1.375,157.0,23,9,0,156.0,154.0,138.0,165.0,65.28333333333333,62.1875,50.475,83.125,155.66666666666666,143.57142857142858,144.21428571428572,64.63333333333333,59.330952380952375,59.14999999999999,1.0,158.0,158.0,128.0
2024-09-24,68.1875,99.725,1382.8333333333333,20.591666666666665,59.96666666666667,109.91666666666669,30.879166666666663,65.66666666666667,978.775,5.291666666666667,4.75,158.0,24,9,1,157.0,156.0,154.0,161.0,66.42916666666666,65.28333333333333,62.1875,75.27499999999999,157.0,143.14285714285714,145.07142857142858,66.63333333333333,58.31845238095237,60.17857142857142,1.0,158.0,128.0,105.0
2024-09-25,68.17083333333333,100.55833333333334,1148.75,12.95,43.55416666666667,94.54166666666669,30.620833333333334,68.95833333333333,979.1375,7.4125,10.958333333333334,158.0,25,9,2,158.0,157.0,156.0,158.0,68.1875,66.42916666666666,65.28333333333333,69.4875,157.66666666666666,143.14285714285714,147.28571428571428,67.59583333333333,58.13035714285714,61.76369047619047,0.0,128.0,105.0,108.0
2024-09-26,46.61666666666667,69.925,574.4583333333334,9.45,21.041666666666668,92.5,28.52083333333333,76.5,979.3333333333334,11.6875,18.625,128.0,26,9,3,158.0,158.0,157.0,81.0,68.17083333333333,68.1875,66.42916666666666,26.179166666666664,148.0,149.85714285714286,146.35714285714286,60.991666666666674,61.05,61.40952380952381,-30.0,105.0,108.0,148.0
2024-09-27,36.98333333333333,53.94583333333333,619.125,10.716666666666669,25.683333333333334,86.79166666666667,28.691666666666663,76.25,978.9541666666668,7.116666666666667,19.70833333333333,105.0,27,9,4,128.0,158.0,158.0,138.0,46.61666666666667,68.17083333333333,68.1875,50.475,130.33333333333334,145.14285714285714,145.21428571428572,50.59027777777778,59.12261904761905,60.93125,-23.0,108.0,148.0,148.0
2024-09-28,38.375,55.59166666666667,1090.8333333333333,15.283333333333331,50.66666666666666,79.0,26.95833333333333,76.75,981.8958333333334,6.183333333333334,21.75,108.0,28,9,5,105.0,128.0,158.0,154.0,36.98333333333333,46.61666666666667,68.17083333333333,62.1875,113.66666666666669,138.57142857142858,142.07142857142858,40.65833333333333,55.72083333333334,59.554761904761904,3.0,148.0,148.0,157.0
2024-09-29,54.458333333333336,81.54166666666667,1351.4583333333333,17.508333333333333,56.3125,82.75,27.67083333333333,75.66666666666667,984.1166666666668,4.8125,9.708333333333334,148.0,29,9,6,108.0,105.0,128.0,156.0,38.375,36.98333333333333,46.61666666666667,65.28333333333333,120.33333333333331,137.42857142857142,141.07142857142858,43.27222222222222,54.17440476190477,57.945238095238096,40.0,148.0,157.0,165.0
2024-09-30,54.675,85.41666666666667,919.5,12.758333333333333,37.60416666666666,94.875,28.379166666666663,76.5,982.15,8.012500000000001,6.333333333333333,148.0,30,9,0,148.0,108.0,105.0,157.0,54.458333333333336,38.375,36.98333333333333,66.42916666666666,134.66666666666666,136.14285714285714,139.85714285714286,49.16944444444445,52.4952380952381,55.91309523809524,0.0,157.0,165.0,160.0
2024-10-01,67.50833333333334,117.87916666666666,1501.1666666666667,14.258333333333333,63.10416666666666,70.33333333333333,29.1375,75.0,979.4666666666668,5.583333333333333,0.3333333333333333,157.0,1,10,1,148.0,148.0,108.0,158.0,54.675,54.458333333333336,38.375,68.1875,151.0,136.0,139.57142857142858,58.88055555555556,52.39821428571429,55.35833333333333,9.0,165.0,160.0,159.0
2024-10-02,81.7375,146.07083333333335,1507.4583333333333,22.4375,68.44166666666666,92.91666666666669,29.433333333333334,68.25,979.1791666666668,5.458333333333333,0.0,165.0,2,10,2,157.0,148.0,148.0,158.0,67.50833333333334,54.675,54.458333333333336,68.17083333333333,156.66666666666666,137.0,140.07142857142858,67.97361111111111,54.336309523809526,56.23333333333334,8.0,160.0,159.0,156.0
2024-10-03,73.575,128.72916666666666,1158.7083333333333,21.383333333333336,50.24166666666667,105.58333333333331,28.354166666666668,67.375,978.5833333333334,5.483333333333333,0.0,160.0,3,10,3,165.0,157.0,148.0,128.0,81.7375,67.50833333333334,54.675,46.61666666666667,160.66666666666666,141.57142857142858,145.71428571428572,74.27361111111111,58.1875,59.61875,-5.0,159.0,156.0,146.0
2024-10-04,70.57916666666667,118.1,1234.5,15.333333333333334,55.03333333333333,86.375,28.27083333333333,63.29166666666666,979.8166666666666,7.479166666666667,1.125,159.0,4,10,4,160.0,165.0,157.0,105.0,73.575,81.7375,67.50833333333334,36.98333333333333,161.33333333333334,149.28571428571428,147.21428571428572,75.29722222222222,62.98690476190476,61.054761904761904,-1.0,156.0,146.0,156.0
2024-10-05,64.39583333333333,106.89166666666668,952.9583333333334,12.120833333333332,39.175,88.95833333333333,26.47083333333333,70.25,982.2833333333332,9.233333333333333,19.375,156.0,5,10,5,159.0,160.0,165.0,108.0,70.57916666666667,73.575,81.7375,38.375,158.33333333333334,156.14285714285714,147.35714285714286,69.51666666666667,66.70416666666667,61.2125,-3.0,146.0,156.0,152.0
2024-10-06,53.85833333333333,89.72500000000001,815.75,13.341666666666669,35.00416666666667,88.45833333333333,24.641666666666666,75.54166666666667,986.6375,7.229166666666667,14.625,146.0,6,10,6,156.0,159.0,160.0,148.0,64.39583333333333,70.57916666666667,73.575,54.458333333333336,153.66666666666666,155.85714285714286,146.64285714285714,62.94444444444444,66.61845238095238,60.396428571428565,-10.0,156.0,152.0,97.0
2024-10-07,65.14583333333333,104.52916666666664,1455.8333333333333,22.14583333333333,66.19583333333334,84.16666666666667,25.95833333333333,73.70833333333333,987.6041666666666,4.3875,33.791666666666664,156.0,7,10,0,146.0,156.0,159.0,148.0,53.85833333333333,64.39583333333333,70.57916666666667,54.675,152.66666666666666,157.0,146.57142857142858,61.133333333333326,68.11428571428571,60.304761904761904,10.0,152.0,97.0,110.0
2024-10-08,56.5125,94.0125,899.375,18.529166666666665,34.166666666666664,102.29166666666669,23.754166666666663,82.33333333333333,987.3041666666668,6.741666666666667,25.95833333333333,152.0,8,10,1,156.0,146.0,156.0,157.0,65.14583333333333,53.85833333333333,64.39583333333333,67.50833333333334,151.33333333333334,156.28571428571428,146.14285714285714,58.50555555555555,66.54345238095239,59.47083333333334,-4.0,97.0,110.0,133.0
2024-10-09,34.15416666666667,57.4375,674.625,10.791666666666666,31.21666666666667,74.91666666666667,24.683333333333334,65.83333333333333,985.4708333333332,8.375,3.7083333333333335,97.0,9,10,2,152.0,156.0,146.0,165.0,56.5125,65.14583333333333,53.85833333333333,81.7375,135.0,146.57142857142858,141.78571428571428,51.9375,59.74583333333333,57.04107142857144,-55.0,110.0,133.0,157.0
2024-10-10,39.15416666666667,63.5125,896.1666666666666,10.304166666666667,39.18333333333333,66.91666666666667,24.641666666666666,65.375,984.6625,7.829166666666667,0.0,110.0,10,10,3,97.0,152.0,156.0,160.0,34.15416666666667,56.5125,65.14583333333333,73.575,119.66666666666669,139.42857142857142,140.5,43.27361111111111,54.82857142857143,56.50803571428572,13.0,133.0,157.0,154.0
2024-10-11,48.475,75.08333333333333,1225.5,12.275,53.6875,64.95833333333333,25.20833333333333,62.625,984.2333333333332,7.354166666666667,0.0,133.0,11,10,4,110.0,97.0,152.0,159.0,39.15416666666667,34.15416666666667,56.5125,70.57916666666667,113.33333333333331,135.71428571428572,142.5,40.59444444444445,51.67083333333333,57.32886904761904,23.0,157.0,154.0,143.0
2024-10-12,66.6875,102.97916666666669,1745.4583333333333,18.316666666666663,78.79583333333333,66.70833333333333,25.225,65.54166666666667,984.6916666666666,5.2875,0.0,157.0,12,10,5,133.0,110.0,97.0,156.0,48.475,39.15416666666667,34.15416666666667,64.39583333333333,133.33333333333334,135.85714285714286,146.0,51.43888888888889,51.99821428571428,59.35119047619048,24.0,154.0,143.0,155.0
2024-10-13,61.52916666666667,93.20416666666668,1623.0833333333333,20.89583333333333,71.675,74.58333333333333,24.866666666666664,63.958333333333336,985.6666666666666,6.479166666666667,0.0416666666666666,154.0,13,10,6,157.0,133.0,110.0,146.0,66.6875,48.475,39.15416666666667,53.85833333333333,148.0,137.0,146.42857142857142,58.89722222222222,53.09404761904762,59.85625,-3.0,143.0,155.0,148.0
2024-10-14,52.59583333333333,80.77499999999999,1090.0833333333333,15.995833333333332,44.15,84.625,24.39583333333333,62.75,986.1041666666666,7.395833333333333,0.3333333333333333,143.0,14,10,0,154.0,157.0,133.0,156.0,61.52916666666667,66.6875,48.475,65.14583333333333,151.33333333333334,135.14285714285714,146.07142857142858,60.270833333333336,51.30119047619048,59.70773809523809,-11.0,155.0,148.0,152.0
2024-10-15,62.95,94.78333333333336,1417.125,17.516666666666666,60.0625,72.5,24.6125,63.04166666666666,984.6958333333332,5.366666666666666,0.0,155.0,15,10,1,143.0,154.0,157.0,152.0,52.59583333333333,61.52916666666667,66.6875,56.5125,150.66666666666666,135.57142857142858,145.92857142857142,59.025,52.22083333333333,59.38214285714286,12.0,148.0,152.0,156.0
2024-10-16,54.60416666666666,80.91250000000001,1046.9166666666667,17.5125,41.15,91.70833333333331,24.741666666666664,61.04166666666666,983.6458333333334,7.925,9.166666666666666,148.0,16,10,2,155.0,143.0,154.0,97.0,62.95,52.59583333333333,61.52916666666667,34.15416666666667,148.66666666666666,142.85714285714286,144.71428571428572,56.71666666666666,55.1422619047619,57.444047619047616,-7.0,152.0,156.0,169.0
2024-10-17,57.0,86.16666666666667,923.8333333333334,13.991666666666667,37.1,82.625,24.5875,66.875,984.2875,6.766666666666667,0.0,152.0,17,10,3,148.0,155.0,143.0,110.0,54.60416666666666,62.95,52.59583333333333,39.15416666666667,151.66666666666666,148.85714285714286,144.14285714285714,58.18472222222223,57.69166666666666,56.26011904761905,4.0,156.0,169.0,166.0
2024-10-18,64.47083333333333,102.52083333333331,918.875,14.025,39.225,82.70833333333333,25.679166666666664,63.41666666666666,984.6541666666668,5.8,0.0,156.0,18,10,4,152.0,148.0,155.0,133.0,57.0,54.60416666666666,62.95,48.475,152.0,152.14285714285714,143.92857142857142,58.69166666666666,59.97678571428571,55.82380952380952,4.0,169.0,166.0,169.0
2024-10-19,90.10416666666669,142.69166666666666,1322.4583333333333,22.729166666666668,57.925,88.20833333333333,25.916666666666668,63.29166666666666,985.4083333333332,3.954166666666667,0.125,169.0,19,10,5,156.0,152.0,148.0,157.0,64.47083333333333,57.0,54.60416666666666,66.6875,159.0,153.85714285714286,144.85714285714286,70.52499999999999,63.322023809523806,57.66011904761905,13.0,166.0,169.0,178.0
2024-10-20,84.4375,132.2875,1183.0416666666667,16.895833333333332,44.6875,90.125,24.7375,69.20833333333333,986.9125,6.5,0.3333333333333333,166.0,20,10,6,169.0,156.0,152.0,154.0,90.10416666666669,64.47083333333333,57.0,61.52916666666667,163.66666666666666,155.57142857142858,146.28571428571428,79.67083333333333,66.59464285714286,59.84434523809524,-3.0,169.0,178.0,169.0
2024-10-21,91.21666666666664,144.7125,1436.0,20.9,57.77916666666667,93.0,24.620833333333334,67.08333333333333,987.1833333333334,5.8375,0.0,169.0,21,10,0,166.0,169.0,156.0,143.0,84.4375,90.10416666666669,64.47083333333333,52.59583333333333,168.0,159.28571428571428,147.21428571428572,88.58611111111111,72.11190476190475,61.70654761904762,3.0,178.0,169.0,161.0
2024-10-22,108.49583333333334,175.85833333333335,1621.75,20.5875,54.72916666666666,86.33333333333333,25.4,65.66666666666667,988.4041666666668,4.2875000000000005,0.0,178.0,22,10,1,169.0,166.0,169.0,155.0,91.21666666666664,84.4375,90.10416666666669,62.95,171.0,162.57142857142858,149.07142857142858,94.71666666666664,78.61845238095238,65.41964285714286,9.0,169.0,161.0,122.0
2024-10-23,90.7125,150.63750000000002,1029.7916666666667,19.866666666666667,32.675000000000004,91.33333333333331,24.78333333333333,68.29166666666667,988.0333333333332,6.775,6.25,169.0,23,10,2,178.0,169.0,166.0,148.0,108.49583333333334,91.21666666666664,84.4375,54.60416666666666,172.0,165.57142857142858,154.21428571428572,96.80833333333332,83.77678571428571,69.4595238095238,-9.0,161.0,122.0,159.0
2024-10-24,74.69166666666666,126.1375,926.9166666666666,14.966666666666669,34.770833333333336,83.54166666666667,24.83333333333333,65.45833333333333,986.6583333333332,8.395833333333334,0.1666666666666666,161.0,24,10,3,169.0,178.0,169.0,152.0,90.7125,108.49583333333334,91.21666666666664,57.0,169.33333333333334,166.85714285714286,157.85714285714286,91.3,86.30416666666666,71.99791666666667,-8.0,122.0,159.0,166.0
2024-10-25,44.15833333333333,71.64166666666667,858.75,10.8125,36.22083333333333,75.29166666666667,24.433333333333334,66.83333333333333,985.3708333333334,8.095833333333333,0.0,122.0,25,10,4,161.0,169.0,178.0,156.0,74.69166666666666,90.7125,108.49583333333334,64.47083333333333,150.66666666666666,162.0,157.07142857142858,69.85416666666667,83.40238095238097,71.68958333333333,-39.0,159.0,166.0,163.0
2024-10-26,70.94583333333334,111.83333333333331,2715.125,15.383333333333333,60.85833333333333,69.75,24.066666666666663,66.70833333333333,984.7,5.195833333333334,0.0,159.0,26,10,5,122.0,161.0,169.0,169.0,44.15833333333333,74.69166666666666,90.7125,90.10416666666669,147.33333333333334,160.57142857142858,157.21428571428572,63.26527777777778,80.66547619047618,71.99375,37.0,166.0,163.0,163.0
2024-10-27,84.0625,132.25,1545.5833333333333,17.3125,50.1625,89.20833333333333,24.504166666666663,69.375,983.6916666666666,6.6625000000000005,0.4166666666666667,166.0,27,10,6,159.0,122.0,161.0,166.0,70.94583333333334,44.15833333333333,74.69166666666666,84.4375,149.0,160.57142857142858,158.07142857142858,66.3888888888889,80.61190476190475,73.6032738095238,7.0,163.0,163.0,148.0
2024-10-28,78.64999999999999,142.09166666666667,1221.5833333333333,14.720833333333331,34.30416666666667,94.75,24.9625,70.25,982.9833333333332,7.766666666666667,6.666666666666667,163.0,28,10,0,166.0,159.0,122.0,169.0,84.0625,70.94583333333334,44.15833333333333,91.21666666666664,162.66666666666666,159.71428571428572,159.5,77.8861111111111,78.81666666666665,75.46428571428571,-3.0,163.0,148.0,128.0
2024-10-29,78.00416666666666,145.25,1072.0833333333333,18.291666666666668,24.29583333333333,109.375,25.72083333333333,67.54166666666667,983.6875,8.645833333333334,17.041666666666668,163.0,29,10,1,163.0,166.0,159.0,178.0,78.64999999999999,84.0625,70.94583333333334,108.49583333333334,164.0,157.57142857142858,160.07142857142858,80.23888888888888,74.46071428571429,76.53958333333333,0.0,148.0,128.0,144.0
2024-10-30,54.7375,97.00416666666666,1487.7083333333333,12.070833333333333,30.40833333333333,76.83333333333333,25.08333333333333,64.125,985.7541666666666,8.1875,16.541666666666668,148.0,30,10,2,163.0,163.0,166.0,169.0,78.00416666666666,78.64999999999999,84.0625,90.7125,158.0,154.57142857142858,160.07142857142858,70.46388888888889,69.32142857142857,76.54910714285714,-15.0,128.0,144.0,174.0
2024-10-31,46.27916666666667,74.73333333333333,1480.0833333333333,10.920833333333334,29.454166666666666,75.41666666666667,23.804166666666664,62.16666666666666,986.2208333333332,9.433333333333334,0.0,128.0,31,10,3,148.0,163.0,163.0,161.0,54.7375,78.00416666666666,78.64999999999999,74.69166666666666,146.33333333333334,149.85714285714286,158.35714285714286,59.67361111111112,65.2625,75.78333333333333,-20.0,144.0,174.0,177.0
2024-11-01,53.0125,78.31666666666666,3139.9166666666665,12.4625,48.93333333333334,56.833333333333336,22.491666666666664,63.833333333333336,986.5083333333332,5.991666666666667,0.1666666666666666,144.0,1,11,4,128.0,148.0,163.0,122.0,46.27916666666667,54.7375,78.00416666666666,44.15833333333333,140.0,153.0,157.5,51.34305555555556,66.52738095238095,74.96488095238097,16.0,174.0,177.0,189.0
2024-11-02,99.21666666666664,151.42083333333332,1806.75,21.066666666666663,70.15833333333333,76.125,22.3125,67.0,987.6916666666666,5.029166666666667,16.125,174.0,2,11,5,144.0,128.0,148.0,159.0,53.0125,46.27916666666667,54.7375,70.94583333333334,148.66666666666666,155.14285714285714,157.85714285714286,66.16944444444444,70.56607142857142,75.61577380952382,30.0,177.0,189.0,183.0
2024-11-03,105.7375,163.8375,2843.1666666666665,20.870833333333334,53.3,71.70833333333333,23.195833333333336,63.333333333333336,988.8041666666668,4.570833333333334,0.6666666666666666,177.0,3,11,6,174.0,144.0,128.0,166.0,99.21666666666664,53.0125,46.27916666666667,84.0625,165.0,156.71428571428572,158.64285714285714,85.98888888888888,73.6625,77.13720238095239,3.0,189.0,183.0,199.0
2024-11-04,129.17083333333332,203.25833333333333,2663.875,23.166666666666668,77.94583333333334,71.125,22.679166666666664,73.58333333333333,987.0208333333334,5.554166666666667,0.0,189.0,4,11,0,177.0,174.0,144.0,163.0,105.7375,99.21666666666664,53.0125,78.64999999999999,180.0,160.42857142857142,160.07142857142858,111.375,80.8797619047619,79.84821428571429,12.0,183.0,199.0,194.0
2024-11-05,116.625,183.32083333333333,1737.4583333333333,19.0625,47.8875,85.45833333333333,22.64583333333333,71.83333333333333,989.6541666666668,6.0625,0.875,183.0,5,11,1,189.0,177.0,174.0,163.0,129.17083333333332,105.7375,99.21666666666664,78.00416666666666,183.0,163.28571428571428,160.42857142857142,117.17777777777776,86.39702380952382,80.42886904761905,-6.0,199.0,194.0,195.0
2024-11-06,148.45833333333334,236.05,2586.5,28.1625,72.5,80.91666666666667,23.2125,72.08333333333333,989.3125,3.945833333333333,0.0,199.0,6,11,2,183.0,189.0,177.0,148.0,116.625,129.17083333333332,105.7375,54.7375,190.33333333333331,170.57142857142858,162.57142857142858,131.41805555555555,99.78571428571428,84.55357142857142,16.0,194.0,195.0,193.0
2024-11-07,138.95833333333334,218.5625,1767.9583333333333,22.445833333333336,45.32083333333333,98.375,23.2125,76.04166666666667,988.7208333333332,5.654166666666666,3.625,194.0,7,11,3,199.0,183.0,189.0,128.0,148.45833333333334,116.625,129.17083333333332,46.27916666666667,192.0,180.0,164.92857142857142,134.68055555555557,113.02559523809524,89.14404761904761,-5.0,195.0,193.0,203.0
2024-11-08,140.81666666666666,219.8708333333333,2000.7916666666667,22.3875,49.9,85.04166666666667,22.416666666666668,80.5,988.3833333333332,5.754166666666666,7.833333333333333,195.0,8,11,4,194.0,199.0,183.0,144.0,138.95833333333334,148.45833333333334,116.625,53.0125,196.0,187.28571428571428,170.14285714285714,142.74444444444444,125.56904761904762,96.04821428571428,1.0,193.0,203.0,188.0
2024-11-09,137.65833333333333,215.60833333333332,1929.125,20.0,43.03333333333333,80.375,22.354166666666668,80.29166666666667,988.8666666666668,5.429166666666667,0.0833333333333333,193.0,9,11,5,195.0,194.0,199.0,174.0,140.81666666666666,138.95833333333334,148.45833333333334,99.21666666666664,194.0,190.0,172.57142857142858,139.14444444444445,131.06071428571428,100.81339285714284,-2.0,203.0,188.0,202.0
2024-11-10,152.29999999999998,241.3625,1697.9166666666667,22.429166666666664,56.63333333333333,71.54166666666667,22.27083333333333,79.0,989.0166666666668,6.020833333333333,1.4583333333333333,203.0,10,11,6,193.0,195.0,194.0,177.0,137.65833333333333,140.81666666666666,138.95833333333334,105.7375,197.0,193.7142857142857,175.21428571428572,143.59166666666667,137.7125,105.6875,10.0,188.0,202.0,315.0
2024-11-11,126.8625,201.36666666666667,1380.6666666666667,16.675,31.183333333333334,82.16666666666667,21.375,81.25,988.325,7.5625,7.416666666666667,188.0,11,11,0,203.0,193.0,195.0,189.0,152.29999999999998,137.65833333333333,140.81666666666666,129.17083333333332,194.66666666666663,193.57142857142856,177.0,138.94027777777777,137.38273809523807,109.13125,-15.0,202.0,315.0,311.0
2024-11-12,151.87083333333334,198.6125,2422.958333333333,20.9875,51.4625,66.70833333333333,22.05,80.08333333333333,988.35,4.258333333333334,0.25,202.0,12,11,1,188.0,203.0,193.0,183.0,126.8625,152.29999999999998,137.65833333333333,116.625,197.66666666666663,196.28571428571428,179.78571428571428,143.67777777777778,142.41785714285714,114.40744047619047,14.0,315.0,311.0,269.0
2024-11-13,264.85,286.8625,2110.208333333333,29.0375,74.45,73.41666666666667,21.125,80.95833333333333,987.3,2.895833333333333,22.70833333333333,315.0,13,11,2,202.0,188.0,203.0,199.0,151.87083333333334,126.8625,152.29999999999998,148.45833333333334,235.0,212.8571428571429,191.7142857142857,181.19444444444443,159.0452380952381,129.4154761904762,113.0,311.0,269.0,200.0
2024-11-14,260.125,275.5125,1455.9583333333333,23.52083333333333,56.725,83.5,20.7875,80.0,989.525,3.9875,59.25,311.0,14,11,3,315.0,202.0,188.0,194.0,264.85,151.87083333333334,126.8625,138.95833333333334,276.0,229.57142857142856,204.78571428571428,225.61527777777775,176.35476190476192,144.69017857142856,-4.0,269.0,200.0,162.0
2024-11-15,219.0,230.925,1706.7083333333333,27.054166666666664,53.9875,77.33333333333333,19.954166666666666,81.04166666666667,988.7041666666668,4.4125000000000005,38.875,269.0,15,11,4,311.0,315.0,202.0,195.0,260.125,264.85,151.87083333333334,140.81666666666666,298.3333333333333,240.14285714285717,213.7142857142857,247.99166666666665,187.52380952380955,156.54642857142858,-42.0,200.0,162.0,155.0
2024-11-16,149.7125,157.625,1753.7083333333333,20.4125,47.74166666666667,72.04166666666667,18.454166666666666,83.25,988.0333333333332,2.8166666666666664,2.458333333333333,200.0,16,11,5,269.0,311.0,315.0,193.0,219.0,260.125,264.85,137.65833333333333,260.0,241.14285714285717,215.57142857142856,209.6125,189.2458333333333,160.15327380952382,-69.0,162.0,155.0,161.0
2024-11-17,77.7375,82.70833333333333,1763.2916666666667,13.995833333333332,42.266666666666666,60.91666666666666,18.4,79.20833333333333,989.075,4.404166666666667,17.166666666666668,162.0,17,11,6,200.0,269.0,311.0,203.0,149.7125,219.0,260.125,152.29999999999998,210.33333333333331,235.28571428571428,214.5,148.81666666666666,178.5940476190476,158.1532738095238,-38.0,155.0,161.0,172.0
2024-11-18,63.0125,64.34166666666667,2063.125,14.683333333333332,55.55833333333334,52.04166666666666,18.225,69.33333333333333,989.9666666666668,4.183333333333334,14.708333333333334,155.0,18,11,0,162.0,200.0,269.0,188.0,77.7375,149.7125,219.0,126.8625,172.33333333333334,230.57142857142856,212.07142857142856,96.82083333333333,169.47261904761902,153.42767857142857,-7.0,161.0,172.0,195.0
2024-11-19,75.72916666666667,76.96666666666667,2152.7916666666665,17.416666666666668,63.84583333333333,56.91666666666666,17.92083333333333,72.08333333333333,990.6208333333334,4.425,0.0,161.0,19,11,1,155.0,162.0,200.0,202.0,63.0125,77.7375,149.7125,151.87083333333334,159.33333333333334,224.7142857142857,210.5,72.15972222222221,158.5952380952381,150.5065476190476,6.0,172.0,195.0,195.0
2024-11-20,96.14166666666668,98.4625,2887.9166666666665,21.35,77.78750000000001,52.75,17.5125,77.08333333333333,989.3833333333332,2.670833333333333,0.2916666666666667,172.0,20,11,2,161.0,155.0,162.0,315.0,75.72916666666667,63.0125,77.7375,264.85,162.66666666666666,204.28571428571428,208.57142857142856,78.29444444444444,134.49404761904762,146.76964285714286,11.0,195.0,195.0,172.0
2024-11-21,140.51666666666668,143.04583333333332,2547.583333333333,32.854166666666664,89.28333333333335,57.29166666666666,17.7,76.29166666666667,988.9125,2.779166666666667,2.9166666666666665,195.0,21,11,3,172.0,161.0,155.0,311.0,96.14166666666668,75.72916666666667,63.0125,260.125,176.0,187.7142857142857,208.64285714285717,104.12916666666668,117.40714285714284,146.88095238095235,23.0,195.0,172.0,168.0
2024-11-22,141.40833333333333,144.9375,1568.8333333333333,27.195833333333336,63.25,66.04166666666667,18.09583333333333,73.45833333333333,988.3333333333334,5.575,13.416666666666666,195.0,22,11,4,195.0,172.0,161.0,269.0,140.51666666666668,96.14166666666668,75.72916666666667,219.0,187.33333333333331,177.14285714285714,208.64285714285717,126.02222222222224,106.32261904761904,146.9232142857143,0.0,172.0,168.0,160.0
2024-11-23,95.46666666666664,99.42083333333332,843.25,16.970833333333335,31.2375,84.375,17.9875,72.75,989.2,8.933333333333334,22.666666666666668,172.0,23,11,5,195.0,195.0,172.0,200.0,141.40833333333333,140.51666666666668,96.14166666666668,149.7125,187.33333333333331,173.14285714285714,207.14285714285717,125.79722222222225,98.57321428571429,143.90952380952382,-23.0,168.0,160.0,161.0
2024-11-24,89.32916666666667,96.8125,1143.2916666666667,14.975,38.38333333333333,69.0,18.391666666666666,70.54166666666667,989.6708333333332,5.8,0.2083333333333333,168.0,24,11,6,172.0,195.0,195.0,162.0,95.46666666666664,141.40833333333333,140.51666666666668,77.7375,178.33333333333334,174.0,204.64285714285717,108.73472222222222,100.22916666666669,139.41160714285715,-4.0,160.0,161.0,188.0
2024-11-25,72.325,77.32083333333334,1656.0,14.275,41.07083333333333,64.29166666666667,17.808333333333334,69.75,989.6291666666666,4.958333333333333,0.6666666666666666,160.0,25,11,0,168.0,172.0,195.0,155.0,89.32916666666667,95.46666666666664,141.40833333333333,63.0125,166.66666666666666,174.71428571428572,202.64285714285717,85.70694444444445,101.5595238095238,135.51607142857145,-8.0,161.0,188.0,188.0
2024-11-26,75.61666666666666,78.40833333333333,2484.75,16.495833333333334,54.67083333333333,64.0,17.770833333333332,69.0,989.0833333333334,3.333333333333333,0.0,161.0,26,11,1,160.0,168.0,172.0,161.0,72.325,89.32916666666667,95.46666666666664,75.72916666666667,163.0,174.71428571428572,199.7142857142857,79.09027777777779,101.5434523809524,130.06934523809522,1.0,188.0,188.0,181.0
2024-11-27,127.80833333333334,133.07083333333333,2932.5,28.741666666666664,73.45833333333333,58.29166666666666,16.95,74.58333333333333,989.1041666666666,1.8958333333333333,0.0,188.0,27,11,2,161.0,160.0,168.0,172.0,75.61666666666666,72.325,89.32916666666667,96.14166666666668,169.66666666666666,177.0,190.64285714285717,91.91666666666669,106.0672619047619,120.28065476190476,27.0,188.0,181.0,152.0
2024-11-28,127.39583333333331,132.2125,3319.708333333333,29.291666666666668,72.10000000000001,65.58333333333333,17.1375,75.95833333333333,990.8416666666668,2.2375000000000003,4.541666666666667,188.0,28,11,3,188.0,161.0,160.0,195.0,127.80833333333334,75.61666666666666,72.325,140.51666666666668,179.0,176.0,181.8571428571429,110.27361111111112,104.19285714285716,110.8,0.0,181.0,152.0,161.0
2024-11-29,113.27916666666664,117.55833333333334,2073.708333333333,31.195833333333336,59.5375,84.79166666666667,17.833333333333332,74.79166666666667,991.4333333333334,3.5375,26.08333333333333,181.0,29,11,4,188.0,188.0,161.0,195.0,127.39583333333331,127.80833333333334,75.61666666666666,141.40833333333333,185.66666666666663,174.0,175.57142857142858,122.82777777777778,100.17440476190475,103.2485119047619,-7.0,152.0,161.0,151.0
2024-11-30,58.05416666666667,61.97916666666666,2048.875,18.320833333333333,41.13333333333333,75.625,17.316666666666666,70.79166666666667,989.4666666666668,4.220833333333333,7.666666666666667,152.0,30,11,5,181.0,188.0,188.0,172.0,113.27916666666664,127.39583333333331,127.80833333333334,95.46666666666664,173.66666666666666,171.14285714285714,172.14285714285714,99.57638888888889,94.82976190476192,96.7014880952381,-29.0,161.0,151.0,137.0
2024-12-01,74.10833333333333,78.27916666666667,2673.75,23.683333333333334,54.725,68.0,17.325,75.91666666666667,987.65,2.704166666666667,1.375,161.0,1,12,6,152.0,181.0,188.0,168.0,58.05416666666667,113.27916666666664,127.39583333333331,89.32916666666667,164.66666666666666,170.14285714285714,172.07142857142858,81.81388888888888,92.65535714285716,96.4422619047619,9.0,151.0,137.0,108.0
2024-12-02,55.54583333333333,67.39999999999999,1492.5833333333333,19.070833333333333,45.95,62.41666666666666,18.254166666666663,69.75,988.9375,4.329166666666667,14.708333333333334,151.0,2,12,0,161.0,152.0,181.0,160.0,74.10833333333333,58.05416666666667,113.27916666666664,72.325,154.66666666666666,168.85714285714286,171.78571428571428,62.56944444444444,90.25833333333333,95.90892857142856,-10.0,137.0,108.0,155.0
2024-12-03,49.96666666666667,57.04583333333333,1585.375,16.962500000000002,35.708333333333336,66.04166666666667,18.425,64.0,990.9875,6.254166666666666,21.666666666666668,137.0,3,12,1,151.0,161.0,152.0,161.0,55.54583333333333,74.10833333333333,58.05416666666667,75.61666666666666,149.66666666666666,165.42857142857142,170.07142857142858,59.8736111111111,86.59404761904761,94.06875,-14.0,108.0,155.0,158.0
2024-12-04,38.35833333333333,41.48333333333333,1113.1666666666667,13.445833333333333,34.93333333333333,61.16666666666666,16.691666666666666,53.91666666666666,989.2208333333332,6.775,0.0,108.0,4,12,2,137.0,151.0,161.0,188.0,49.96666666666667,55.54583333333333,74.10833333333333,127.80833333333334,132.0,154.0,165.5,47.956944444444446,73.81547619047618,89.94136904761903,-29.0,155.0,158.0,163.0
2024-12-05,64.01666666666667,66.89583333333333,2719.833333333333,18.616666666666667,53.925,48.54166666666666,15.708333333333334,57.04166666666666,988.1916666666666,4.075,0.0,155.0,5,12,3,108.0,137.0,151.0,188.0,38.35833333333333,49.96666666666667,55.54583333333333,127.39583333333331,133.33333333333334,149.28571428571428,162.64285714285714,50.78055555555556,64.76130952380952,84.47708333333333,47.0,158.0,163.0,163.0
2024-12-06,68.55833333333334,71.32083333333334,2062.7916666666665,21.854166666666668,55.7,64.125,15.133333333333333,60.66666666666666,986.9416666666666,5.4375,0.0,158.0,6,12,4,155.0,108.0,137.0,181.0,64.01666666666667,38.35833333333333,49.96666666666667,113.27916666666664,140.33333333333334,146.0,160.0,56.97777777777778,58.37261904761904,79.2735119047619,3.0,163.0,163.0,180.0
2024-12-07,79.05833333333334,81.52916666666667,1922.7916666666667,22.6625,62.975,65.41666666666667,14.175,65.125,986.3125,4.754166666666666,1.375,163.0,7,12,5,158.0,155.0,108.0,152.0,68.55833333333334,64.01666666666667,38.35833333333333,58.05416666666667,158.66666666666666,147.57142857142858,159.35714285714286,70.54444444444444,61.37321428571429,78.1014880952381,5.0,163.0,180.0,152.0
2024-12-08,78.17916666666666,78.91250000000001,1048.8333333333333,21.416666666666668,37.7,64.875,12.3625,69.83333333333333,986.7125,7.579166666666667,38.0,163.0,8,12,6,163.0,158.0,155.0,161.0,79.05833333333334,68.55833333333334,64.01666666666667,74.10833333333333,161.33333333333334,147.85714285714286,159.0,75.26527777777778,61.9547619047619,77.30505952380952,0.0,180.0,152.0,166.0
2024-12-09,112.37083333333334,114.25,1756.7083333333333,32.916666666666664,59.05,61.54166666666666,12.8125,59.75,991.3958333333334,4.491666666666666,0.0833333333333333,180.0,9,12,0,163.0,163.0,158.0,151.0,78.17916666666666,79.05833333333334,68.55833333333334,55.54583333333333,168.66666666666666,152.0,160.42857142857142,89.86944444444445,70.07261904761904,80.16547619047618,17.0,152.0,166.0,172.0
2024-12-10,57.87916666666666,59.525,1772.125,18.554166666666667,44.0125,57.208333333333336,12.3625,55.375,991.7208333333332,5.858333333333333,0.0,152.0,10,12,1,180.0,163.0,163.0,137.0,112.37083333333334,78.17916666666666,79.05833333333334,49.96666666666667,165.0,154.14285714285714,159.78571428571428,82.80972222222222,71.20297619047619,78.8985119047619,-28.0,166.0,172.0,122.0
2024-12-11,83.77499999999999,85.82083333333333,2268.708333333333,25.445833333333336,53.65416666666667,59.125,12.495833333333332,63.16666666666666,990.6708333333332,4.745833333333333,2.5,166.0,11,12,2,152.0,180.0,163.0,108.0,57.87916666666666,112.37083333333334,78.17916666666666,38.35833333333333,166.0,162.42857142857142,158.21428571428572,84.675,77.69107142857142,75.7532738095238,14.0,172.0,122.0,157.0
2024-12-12,95.31666666666666,97.20833333333331,2231.125,28.6,53.583333333333336,70.20833333333333,12.15,63.458333333333336,991.8333333333334,5.2,1.375,172.0,12,12,3,166.0,152.0,180.0,155.0,83.77499999999999,57.87916666666666,112.37083333333334,64.01666666666667,163.33333333333334,164.85714285714286,157.07142857142858,78.99027777777776,82.16250000000001,73.46190476190476,6.0,122.0,157.0,185.0
2024-12-13,44.15416666666667,46.0125,1088.5,16.883333333333333,23.879166666666663,79.33333333333333,12.833333333333334,52.708333333333336,992.2583333333332,8.762500000000001,24.166666666666668,122.0,13,12,4,172.0,166.0,152.0,158.0,95.31666666666666,83.77499999999999,57.87916666666666,68.55833333333334,153.33333333333334,159.71428571428572,152.85714285714286,74.41527777777777,78.67619047619048,68.52440476190476,-50.0,157.0,185.0,203.0
2024-12-14,67.97083333333333,70.825,1841.4166666666667,19.133333333333333,45.67916666666667,63.458333333333336,12.195833333333333,59.958333333333336,991.9416666666666,5.45,25.166666666666668,157.0,14,12,5,122.0,172.0,166.0,163.0,44.15416666666667,95.31666666666666,83.77499999999999,79.05833333333334,150.33333333333334,158.85714285714286,153.21428571428572,69.14722222222223,77.0922619047619,69.23273809523809,35.0,185.0,203.0,199.0
2024-12-15,120.91666666666669,125.325,3825.4583333333335,36.19583333333333,76.47500000000001,52.583333333333336,12.083333333333334,69.54166666666667,992.7916666666666,2.2791666666666663,70.375,185.0,15,12,6,157.0,122.0,172.0,163.0,67.97083333333333,44.15416666666667,95.31666666666666,78.17916666666666,154.66666666666666,162.0,154.92857142857142,77.68055555555556,83.19761904761904,72.57619047619048,28.0,203.0,199.0,206.0
2024-12-16,152.875,157.98749999999998,3662.5833333333335,48.6,91.64583333333331,69.58333333333333,11.383333333333333,73.70833333333333,991.0916666666668,1.3625,0.125,203.0,16,12,0,185.0,157.0,122.0,180.0,120.91666666666669,67.97083333333333,44.15416666666667,112.37083333333334,181.66666666666663,165.28571428571428,158.64285714285714,113.92083333333336,88.98392857142858,79.52827380952381,18.0,199.0,206.0,243.0
2024-12-17,147.59166666666667,150.94166666666666,3125.083333333333,41.5625,80.675,78.29166666666667,11.508333333333333,74.0,990.825,2.45,8.875,199.0,17,12,1,203.0,185.0,157.0,152.0,152.875,120.91666666666669,67.97083333333333,57.87916666666666,195.66666666666663,172.0,163.07142857142858,140.46111111111114,101.8,86.50148809523809,-4.0,206.0,243.0,212.0
2024-12-18,156.01666666666668,160.06666666666666,3038.4166666666665,38.35416666666666,77.35416666666667,65.08333333333333,12.025,70.875,989.075,2.4916666666666667,44.375,206.0,18,12,2,199.0,203.0,185.0,166.0,147.59166666666667,152.875,120.91666666666669,83.77499999999999,202.66666666666663,177.71428571428572,170.07142857142858,152.16111111111113,112.1202380952381,94.90565476190476,7.0,243.0,212.0,255.0
2024-12-19,193.38333333333333,196.59166666666667,2319.208333333333,44.55,79.13333333333334,66.95833333333333,11.525,75.125,989.8916666666668,3.9166666666666665,0.125,243.0,19,12,3,206.0,199.0,203.0,172.0,156.01666666666668,147.59166666666667,152.875,95.31666666666666,216.0,187.8571428571429,176.35714285714286,165.6638888888889,126.1297619047619,104.14613095238096,37.0,212.0,255.0,258.0
2024-12-20,162.02916666666667,164.2125,2059.25,27.125,45.2875,79.5,12.25,69.125,990.6208333333334,4.4375,0.0,212.0,20,12,4,243.0,206.0,199.0,122.0,193.38333333333333,156.01666666666668,147.59166666666667,44.15416666666667,220.33333333333331,200.7142857142857,180.2142857142857,170.4763888888889,142.9690476190476,110.82261904761906,-31.0,255.0,258.0,209.0
2024-12-21,205.09166666666667,207.79166666666663,3564.625,44.45416666666667,84.82916666666667,69.16666666666667,12.1,69.125,990.1458333333334,1.6541666666666668,38.25,255.0,21,12,5,212.0,243.0,206.0,157.0,162.02916666666667,193.38333333333333,156.01666666666668,67.97083333333333,236.66666666666663,214.7142857142857,186.78571428571428,186.83472222222224,162.5577380952381,119.82500000000002,43.0,258.0,209.0,211.0
2024-12-22,207.53333333333333,209.5875,2736.25,46.62916666666666,68.44166666666666,82.0,12.345833333333331,72.125,989.0708333333332,4.1000000000000005,31.125,258.0,22,12,6,255.0,212.0,243.0,185.0,205.09166666666667,162.02916666666667,193.38333333333333,120.91666666666669,241.66666666666663,225.14285714285717,193.57142857142856,191.5513888888889,174.93154761904765,129.06458333333333,3.0,209.0,211.0,193.0
2024-12-23,158.64583333333334,159.92916666666667,1452.8333333333333,28.35,49.15416666666667,52.66666666666666,10.945833333333333,87.125,991.3708333333334,6.366666666666667,45.708333333333336,209.0,23,12,0,258.0,255.0,212.0,203.0,207.53333333333333,205.09166666666667,162.02916666666667,152.875,240.66666666666663,226.0,195.64285714285717,190.42361111111111,175.75595238095238,132.3699404761905,-49.0,211.0,193.0,254.0
2024-12-24,160.32500000000002,162.29166666666666,1874.75,32.35,61.5,60.91666666666666,12.5125,72.0,992.3958333333334,5.470833333333334,0.0,211.0,24,12,1,209.0,258.0,255.0,199.0,158.64583333333334,207.53333333333333,205.09166666666667,147.59166666666667,226.0,227.7142857142857,199.8571428571429,175.5013888888889,177.57500000000002,139.6875,2.0,193.0,254.0,194.0
2024-12-25,136.61666666666667,138.91666666666666,2151.333333333333,25.05,53.525,66.25,13.1,73.0,993.7375,5.15,0.0,193.0,25,12,2,211.0,209.0,258.0,206.0,160.32500000000002,158.64583333333334,207.53333333333333,156.01666666666668,204.33333333333331,225.8571428571429,201.78571428571428,151.86250000000004,174.80357142857142,143.46190476190478,-18.0,254.0,194.0,172.0
2024-12-26,204.1291666666667,208.8,4394.291666666667,56.95,109.87916666666666,65.66666666666667,13.270833333333334,72.375,994.55,1.725,10.958333333333334,254.0,26,12,3,193.0,211.0,209.0,243.0,136.61666666666667,160.32500000000002,158.64583333333334,193.38333333333333,219.33333333333331,227.42857142857144,207.64285714285717,167.02361111111114,176.3386904761905,151.2342261904762,61.0,194.0,172.0,159.0
2024-12-27,138.59166666666667,140.55833333333334,1702.875,19.7,47.47916666666666,54.29166666666666,12.354166666666666,84.625,993.275,5.7875000000000005,79.33333333333333,194.0,27,12,4,254.0,193.0,211.0,212.0,204.1291666666667,136.61666666666667,160.32500000000002,162.02916666666667,213.66666666666663,224.8571428571429,212.78571428571428,159.77916666666667,172.9904761904762,157.97976190476192,-60.0,172.0,159.0,198.0
2024-12-28,95.40416666666664,96.19583333333333,1530.1666666666667,15.845833333333331,44.67083333333333,49.958333333333336,11.7375,87.95833333333333,994.1291666666666,3.9,32.0,172.0,28,12,5,194.0,254.0,193.0,255.0,138.59166666666667,204.1291666666667,136.61666666666667,205.09166666666667,206.66666666666663,213.0,213.8571428571429,146.04166666666669,157.32083333333335,159.93928571428572,-22.0,159.0,198.0,278.0
2024-12-29,71.78750000000001,72.17083333333333,1582.4583333333333,15.8,34.12083333333333,71.45833333333333,11.920833333333334,84.29166666666667,995.125,6.104166666666667,27.95833333333333,159.0,29,12,6,172.0,194.0,254.0,258.0,95.40416666666664,138.59166666666667,204.1291666666667,207.53333333333333,175.0,198.8571428571429,212.0,101.9277777777778,137.92857142857144,156.4300595238095,-13.0,198.0,278.0,244.0
2024-12-30,146.43333333333334,147.97083333333333,2606.958333333333,26.054166666666664,57.00416666666666,66.04166666666667,11.020833333333334,81.41666666666667,993.5708333333332,4.008333333333334,27.75,198.0,30,12,0,159.0,172.0,194.0,209.0,71.78750000000001,95.40416666666664,138.59166666666667,158.64583333333334,176.33333333333334,197.28571428571428,211.64285714285717,104.54166666666669,136.18392857142857,155.9699404761905,39.0,278.0,244.0,261.0
2024-12-31,228.4875,231.325,3455.0,35.99166666666667,85.97500000000001,66.70833333333333,10.45,90.54166666666669,994.3458333333332,2.8625000000000003,87.41666666666667,278.0,31,12,1,198.0,159.0,172.0,211.0,146.43333333333334,71.78750000000001,95.40416666666664,160.32500000000002,211.66666666666663,206.8571428571429,217.28571428571428,148.9027777777778,145.92142857142858,161.74821428571428,80.0,244.0,261.0,269.0
2025-01-01,194.2375,195.6291666666667,2905.625,27.64583333333333,54.49583333333334,91.41666666666669,10.429166666666667,91.20833333333331,992.625,3.408333333333333,68.58333333333333,244.0,1,1,2,278.0,198.0,159.0,193.0,228.4875,146.43333333333334,71.78750000000001,136.61666666666667,240.0,214.14285714285717,220.0,189.71944444444443,154.15297619047618,164.4782738095238,-34.0,261.0,269.0,205.0
2025-01-02,210.7875,212.35416666666663,4447.5,41.5875,95.10416666666669,77.41666666666667,11.745833333333332,88.58333333333333,992.1541666666668,2.891666666666667,96.83333333333331,261.0,2,1,3,244.0,278.0,198.0,254.0,194.2375,228.4875,146.43333333333334,204.1291666666667,261.0,215.14285714285717,221.28571428571428,211.17083333333332,155.10416666666669,165.72142857142856,17.0,269.0,205.0,179.0
2025-01-03,218.8791666666667,226.64583333333331,4504.375,59.425,111.9125,76.16666666666667,11.129166666666668,93.625,991.375,2.458333333333333,86.45833333333333,269.0,3,1,4,261.0,244.0,278.0,194.0,210.7875,194.2375,228.4875,138.59166666666667,258.0,225.8571428571429,225.3571428571429,207.9680555555556,166.57380952380953,169.78214285714284,8.0,205.0,179.0,181.0
2025-01-04,154.55416666666667,161.51666666666668,2791.25,23.429166666666664,57.20416666666667,73.83333333333333,12.0375,90.08333333333331,988.6375,4.083333333333333,33.833333333333336,205.0,4,1,5,269.0,261.0,244.0,172.0,218.8791666666667,210.7875,194.2375,95.40416666666664,245.0,230.57142857142856,221.78571428571428,194.7402777777778,175.02380952380955,166.17232142857142,-64.0,179.0,181.0,164.0
2025-01-05,110.40416666666668,112.28333333333336,1917.4166666666667,17.2625,37.8125,64.125,11.7375,92.20833333333331,989.8208333333332,4.391666666666667,31.666666666666668,179.0,5,1,6,205.0,269.0,261.0,159.0,154.55416666666667,218.8791666666667,210.7875,71.78750000000001,217.66666666666663,233.42857142857144,216.14285714285717,161.27916666666667,180.54047619047623,159.2345238095238,-26.0,181.0,164.0,180.0
2025-01-06,114.0875,115.71666666666664,1532.625,25.316666666666663,42.80416666666667,73.25,11.820833333333333,85.625,992.1541666666668,5.079166666666667,37.583333333333336,181.0,6,1,0,179.0,205.0,269.0,198.0,110.40416666666668,154.55416666666667,218.8791666666667,146.43333333333334,188.33333333333331,231.0,214.14285714285717,126.34861111111113,175.91964285714286,156.0517857142857,2.0,164.0,180.0,242.0
2025-01-07,80.19583333333334,82.2,1489.6666666666667,17.0125,39.69166666666667,69.58333333333333,11.925,72.83333333333333,991.15,6.958333333333333,1.9583333333333333,164.0,7,1,1,181.0,179.0,205.0,278.0,114.0875,110.40416666666668,154.55416666666667,228.4875,174.66666666666666,214.7142857142857,210.78571428571428,101.5625,154.7351190476191,150.3282738095238,-17.0,180.0,242.0,270.0
2025-01-08,111.49583333333334,114.80833333333334,2676.7916666666665,27.558333333333334,69.71666666666667,58.25,11.754166666666668,75.375,989.375,4.241666666666666,0.0,180.0,8,1,2,164.0,181.0,179.0,244.0,80.19583333333334,114.0875,110.40416666666668,194.2375,175.0,205.57142857142856,209.8571428571429,101.9263888888889,142.91488095238097,148.53392857142856,16.0,242.0,270.0,236.0
2025-01-09,191.58333333333331,194.48333333333332,4529.958333333333,47.17083333333333,96.97083333333332,66.375,10.6875,88.66666666666667,992.0375,1.9958333333333331,45.75,242.0,9,1,3,180.0,164.0,181.0,261.0,111.49583333333334,80.19583333333334,114.0875,210.7875,195.33333333333331,202.8571428571429,209.0,127.75833333333334,140.17142857142858,147.63779761904763,62.0,270.0,236.0,172.0
2025-01-10,220.50833333333333,221.08333333333331,2762.958333333333,33.666666666666664,82.79583333333333,67.41666666666667,9.458333333333334,94.16666666666669,993.2125,3.5083333333333333,68.54166666666667,270.0,10,1,4,242.0,180.0,164.0,269.0,191.58333333333331,111.49583333333334,80.19583333333334,218.8791666666667,230.66666666666663,203.0,214.42857142857144,174.5291666666667,140.40416666666667,153.48898809523808,28.0,236.0,172.0,164.0
2025-01-11,185.975,188.27916666666667,1578.0833333333333,28.40416666666667,47.66666666666666,49.75,11.308333333333332,89.66666666666667,992.9,7.399999999999999,89.16666666666667,236.0,11,1,5,270.0,242.0,180.0,205.0,220.50833333333333,191.58333333333331,111.49583333333334,154.55416666666667,249.33333333333331,207.42857142857144,219.0,199.3555555555556,144.89285714285714,159.95833333333331,-34.0,172.0,164.0,196.0
2025-01-12,96.80833333333334,98.60416666666669,2609.875,23.791666666666668,51.333333333333336,58.04166666666666,12.420833333333334,82.625,994.675,5.433333333333334,8.0,172.0,12,1,6,236.0,270.0,242.0,179.0,185.975,220.50833333333333,191.58333333333331,110.40416666666668,226.0,206.42857142857144,219.92857142857144,167.76388888888889,142.95059523809525,161.74553571428572,-64.0,164.0,196.0,222.0
2025-01-13,81.63333333333334,82.55833333333334,2013.2083333333333,20.97083333333333,41.34583333333333,79.125,12.029166666666669,77.625,992.9333333333334,6.179166666666667,0.0833333333333333,164.0,13,1,0,172.0,236.0,270.0,181.0,96.80833333333334,185.975,220.50833333333333,114.0875,190.66666666666663,204.0,217.5,121.47222222222224,138.31428571428572,157.11696428571426,-8.0,196.0,222.0,200.0
2025-01-14,141.70833333333334,145.2875,3909.5416666666665,43.9875,106.12083333333334,67.58333333333333,11.733333333333334,78.04166666666667,993.2208333333332,2.495833333333333,11.375,196.0,14,1,1,164.0,172.0,236.0,164.0,81.63333333333334,96.80833333333334,185.975,80.19583333333334,177.33333333333334,208.57142857142856,211.64285714285717,106.71666666666664,147.10178571428574,150.91845238095237,32.0,222.0,200.0,187.0
2025-01-15,172.17499999999998,174.98749999999998,4212.875,53.1375,115.2,68.25,11.516666666666666,82.875,993.2166666666668,2.625,12.166666666666666,222.0,15,1,2,196.0,164.0,172.0,180.0,141.70833333333334,81.63333333333334,96.80833333333334,111.49583333333334,194.0,214.57142857142856,210.07142857142856,131.83888888888887,155.77023809523808,149.3425595238095,26.0,200.0,187.0,235.0
2025-01-16,150.27083333333334,151.97083333333333,2372.458333333333,29.40833333333333,49.675,67.0,10.7125,88.66666666666667,995.8875,4.870833333333334,14.125,200.0,16,1,3,222.0,196.0,164.0,242.0,172.17499999999998,141.70833333333334,81.63333333333334,191.58333333333331,206.0,208.57142857142856,205.7142857142857,154.71805555555557,149.8684523809524,145.01994047619047,-22.0,187.0,235.0,204.0
2025-01-17,125.37916666666666,126.425,2499.875,20.104166666666668,49.29583333333333,64.83333333333333,11.804166666666667,84.625,994.1208333333334,4.8,74.95833333333333,187.0,17,1,4,200.0,222.0,196.0,270.0,150.27083333333334,172.17499999999998,141.70833333333334,220.50833333333333,203.0,196.7142857142857,199.8571428571429,149.27499999999998,136.2785714285714,138.34136904761905,-13.0,235.0,204.0,162.0
2025-01-18,184.74166666666667,186.925,3214.333333333333,39.329166666666666,85.54166666666667,55.083333333333336,11.745833333333332,85.58333333333333,991.6958333333332,2.75,72.5,235.0,18,1,5,187.0,200.0,222.0,236.0,125.37916666666666,150.27083333333334,172.17499999999998,185.975,207.33333333333331,196.57142857142856,202.0,153.46388888888887,136.10238095238097,140.49761904761905,48.0,204.0,162.0,158.0
2025-01-19,153.6625,156.57083333333333,2431.7916666666665,34.2875,62.12916666666666,67.875,11.8375,85.125,991.5041666666666,4.591666666666667,91.79166666666669,204.0,19,1,6,235.0,187.0,200.0,172.0,184.74166666666667,125.37916666666666,150.27083333333334,96.80833333333334,208.66666666666663,201.14285714285717,203.78571428571428,154.59444444444443,144.22440476190476,143.5875,-31.0,162.0,158.0,144.0
2025-01-20,77.18333333333334,78.28750000000001,1542.75,17.8875,29.429166666666664,90.66666666666669,13.829166666666666,67.375,989.775,6.658333333333334,14.625,162.0,20,1,0,204.0,235.0,187.0,164.0,153.6625,184.74166666666667,125.37916666666666,81.63333333333334,200.33333333333331,200.8571428571429,202.42857142857144,138.52916666666667,143.58869047619046,140.9514880952381,-42.0,158.0,144.0,153.0
2025-01-21,69.09583333333333,70.4375,1769.5833333333333,17.341666666666665,39.32083333333333,68.58333333333333,13.945833333333333,73.16666666666667,988.525,5.879166666666666,4.208333333333333,158.0,21,1,1,162.0,204.0,235.0,196.0,77.18333333333334,153.6625,184.74166666666667,141.70833333333334,174.66666666666666,195.42857142857144,202.0,99.98055555555554,133.21547619047618,140.15863095238095,-4.0,144.0,153.0,135.0
2025-01-22,52.96666666666667,54.47916666666666,1449.625,15.995833333333332,34.358333333333334,79.25,14.625,66.70833333333333,988.2416666666668,5.804166666666667,7.958333333333333,144.0,22,1,2,158.0,162.0,204.0,222.0,69.09583333333333,77.18333333333334,153.6625,172.17499999999998,154.66666666666666,184.28571428571428,199.42857142857144,66.41527777777777,116.18571428571428,135.9779761904762,-14.0,153.0,135.0,160.0
2025-01-23,59.17083333333333,61.34583333333333,1313.8333333333333,17.075,40.770833333333336,74.20833333333333,14.291666666666666,61.29166666666666,990.15,6.558333333333334,0.5,153.0,23,1,3,144.0,158.0,162.0,200.0,52.96666666666667,69.09583333333333,77.18333333333334,150.27083333333334,151.66666666666666,177.57142857142858,193.07142857142856,60.4111111111111,103.17142857142858,126.51994047619048,9.0,135.0,160.0,176.0
2025-01-24,49.22083333333333,51.22083333333333,1244.2916666666667,13.425,34.74166666666667,68.125,13.941666666666668,48.16666666666666,989.6166666666668,7.666666666666667,0.0416666666666666,135.0,24,1,4,153.0,144.0,158.0,187.0,59.17083333333333,52.96666666666667,69.09583333333333,125.37916666666666,144.0,170.14285714285714,183.42857142857144,53.7861111111111,92.29166666666666,114.28511904761903,-18.0,160.0,176.0,180.0
2025-01-25,73.32083333333334,76.25416666666666,2438.9166666666665,17.204166666666666,50.36666666666667,61.91666666666666,13.3,56.66666666666666,988.5833333333334,4.0125,0.0,160.0,25,1,5,135.0,153.0,144.0,235.0,49.22083333333333,59.17083333333333,52.96666666666667,184.74166666666667,149.33333333333334,159.42857142857142,178.0,60.570833333333326,76.37440476190477,106.23839285714288,25.0,176.0,180.0,183.0
2025-01-26,103.8,107.59166666666664,2220.583333333333,22.629166666666663,67.6125,74.5,13.345833333333331,60.458333333333336,988.2208333333332,3.8958333333333335,0.0,176.0,26,1,6,160.0,135.0,153.0,204.0,73.32083333333334,49.22083333333333,59.17083333333333,153.6625,157.0,155.42857142857142,178.28571428571428,75.44722222222221,69.25119047619047,106.7377976190476,16.0,180.0,183.0,174.0
2025-01-27,110.7875,114.35416666666669,2729.2916666666665,25.308333333333334,66.23333333333333,77.54166666666667,13.766666666666666,65.58333333333333,986.8375,4.566666666666666,0.0,180.0,27,1,0,176.0,160.0,135.0,162.0,103.8,73.32083333333334,49.22083333333333,77.18333333333334,172.0,158.0,179.42857142857142,95.96944444444443,74.05178571428573,108.8202380952381,4.0,183.0,174.0,178.0
2025-01-28,117.4375,119.60416666666669,2564.9166666666665,29.570833333333336,73.55,91.5,13.741666666666667,69.0,986.4208333333332,3.6,1.6666666666666667,183.0,28,1,1,180.0,176.0,160.0,158.0,110.7875,103.8,73.32083333333334,69.09583333333333,179.66666666666666,161.57142857142858,178.5,110.675,80.9577380952381,107.08660714285712,3.0,174.0,178.0,191.0
2025-01-29,99.52916666666664,100.85416666666669,1283.7083333333333,21.929166666666664,31.445833333333336,97.0,15.470833333333331,68.95833333333333,987.7375,8.0,27.541666666666668,174.0,29,1,2,183.0,180.0,176.0,144.0,117.4375,110.7875,103.8,52.96666666666667,179.0,165.85714285714286,175.07142857142858,109.25138888888888,87.60952380952381,101.89761904761905,-9.0,178.0,191.0,188.0
2025-01-30,108.55416666666667,114.0625,2088.75,25.054166666666664,49.12083333333334,72.08333333333333,16.058333333333334,63.25,985.3583333333332,4.7250000000000005,21.0,178.0,30,1,3,174.0,183.0,180.0,153.0,99.52916666666664,117.4375,110.7875,59.17083333333333,178.33333333333334,169.42857142857142,173.5,108.50694444444444,94.66428571428573,98.91785714285716,4.0,191.0,188.0,184.0
2025-01-31,133.60833333333332,139.125,2421.083333333333,24.954166666666666,55.24166666666667,81.16666666666667,15.720833333333331,68.125,985.1708333333332,3.583333333333333,4.666666666666667,191.0,31,1,4,178.0,174.0,183.0,135.0,108.55416666666667,99.52916666666664,117.4375,49.22083333333333,181.0,177.42857142857142,173.78571428571428,113.8972222222222,106.71964285714284,99.50565476190476,13.0,188.0,184.0,177.0
2025-02-01,126.55833333333334,131.77083333333334,1317.125,22.65416666666667,44.61666666666667,77.66666666666667,14.625,75.625,988.9166666666666,5.633333333333333,14.958333333333334,188.0,1,2,5,191.0,178.0,174.0,160.0,133.60833333333332,108.55416666666667,99.52916666666664,73.32083333333334,185.66666666666663,181.42857142857144,170.42857142857142,122.90694444444443,114.325,95.34970238095238,-3.0,184.0,177.0,189.0
2025-02-02,120.08333333333331,128.04166666666666,1276.6666666666667,22.541666666666668,49.15416666666667,70.125,14.391666666666666,72.25,990.1041666666666,6.0375000000000005,22.58333333333333,184.0,2,2,6,188.0,191.0,178.0,176.0,126.55833333333334,133.60833333333332,108.55416666666667,103.8,187.66666666666663,182.57142857142856,169.0,126.75,116.65119047619048,92.95119047619048,-4.0,177.0,189.0,189.0
2025-02-03,105.95416666666668,109.0625,1583.375,21.633333333333336,57.5375,65.75,13.645833333333334,69.25,988.3791666666666,4.954166666666667,19.541666666666668,177.0,3,2,0,184.0,188.0,191.0,180.0,120.08333333333331,126.55833333333334,133.60833333333332,110.7875,183.0,182.14285714285717,170.07142857142858,117.53194444444443,115.96071428571427,95.00625,-7.0,189.0,189.0,160.0
2025-02-04,129.72083333333333,133.12916666666666,1454.2083333333333,28.370833333333334,65.72083333333333,60.41666666666666,13.729166666666666,71.0,989.1708333333332,4.841666666666667,5.75,189.0,4,2,1,177.0,184.0,188.0,183.0,105.95416666666668,120.08333333333331,126.55833333333334,117.4375,183.33333333333331,183.0,172.28571428571428,118.5861111111111,117.7154761904762,99.33660714285716,12.0,189.0,160.0,119.0
2025-02-05,129.30833333333334,133.53333333333333,2164.2916666666665,21.77083333333333,65.42916666666666,55.79166666666666,12.879166666666668,73.95833333333333,990.5583333333334,2.1666666666666665,28.33333333333333,189.0,5,2,2,189.0,177.0,184.0,174.0,129.72083333333333,105.95416666666668,120.08333333333331,99.52916666666664,185.0,185.14285714285717,175.5,121.6611111111111,121.96964285714284,104.78958333333334,0.0,160.0,119.0,167.0
2025-02-06,73.30416666666666,78.15833333333333,1380.7083333333333,16.208333333333332,31.104166666666668,79.41666666666667,14.120833333333332,57.875,992.3375,6.945833333333333,6.25,160.0,6,2,3,189.0,189.0,177.0,178.0,129.30833333333334,129.72083333333333,105.95416666666668,108.55416666666667,179.33333333333334,182.57142857142856,176.0,110.77777777777776,116.93392857142857,105.79910714285714,-29.0,119.0,167.0,189.0
2025-02-07,42.925,44.833333333333336,932.6666666666666,11.966666666666669,25.0875,84.83333333333333,14.729166666666666,50.16666666666666,990.8375,8.204166666666667,51.66666666666666,119.0,7,2,4,160.0,189.0,189.0,191.0,73.30416666666666,129.30833333333334,129.72083333333333,133.60833333333332,156.0,172.28571428571428,174.85714285714286,81.84583333333332,103.97916666666666,105.34940476190476,-41.0,167.0,189.0,182.0
2025-02-08,86.27083333333333,88.67083333333333,1852.7916666666667,23.116666666666664,66.31666666666666,56.583333333333336,15.658333333333331,56.083333333333336,989.6666666666666,4.195833333333334,23.916666666666668,167.0,8,2,5,119.0,160.0,189.0,188.0,42.925,73.30416666666666,129.30833333333334,126.55833333333334,148.66666666666666,169.28571428571428,175.35714285714286,67.49999999999999,98.22380952380952,106.27440476190476,48.0,189.0,182.0,158.0
2025-02-09,128.95000000000002,132.7875,3215.0416666666665,36.34583333333333,107.6625,62.04166666666666,16.4375,63.66666666666666,988.3666666666668,2.1041666666666665,14.833333333333334,189.0,9,2,6,167.0,119.0,160.0,184.0,86.27083333333333,42.925,73.30416666666666,120.08333333333331,158.33333333333334,170.0,176.28571428571428,86.04861111111109,99.4904761904762,108.07083333333333,22.0,182.0,158.0,133.0
2025-02-10,115.95,127.9625,1347.4583333333333,27.71666666666667,59.16666666666666,82.75,16.474999999999998,67.33333333333333,988.2041666666668,4.695833333333334,10.375,182.0,10,2,0,189.0,167.0,119.0,177.0,128.95000000000002,86.27083333333333,42.925,105.95416666666668,179.33333333333334,170.71428571428572,176.42857142857142,110.39027777777775,100.9184523809524,108.43958333333332,-7.0,158.0,133.0,126.0
2025-02-11,68.77916666666667,79.34583333333333,1259.4583333333333,17.379166666666666,34.87916666666667,82.75,16.620833333333334,59.958333333333336,988.7958333333332,6.05,23.166666666666668,158.0,11,2,1,182.0,189.0,167.0,189.0,115.95,128.95000000000002,86.27083333333333,129.72083333333333,176.33333333333334,166.28571428571428,174.64285714285714,104.5597222222222,92.2125,104.9639880952381,-24.0,133.0,126.0,144.0
2025-02-12,48.30833333333334,59.05833333333334,1150.1666666666667,13.3875,33.920833333333334,70.95833333333333,16.733333333333334,53.333333333333336,989.9541666666668,6.691666666666666,14.041666666666666,133.0,12,2,2,158.0,182.0,189.0,189.0,68.77916666666667,115.95,128.95000000000002,129.30833333333334,157.66666666666666,158.28571428571428,171.71428571428572,77.67916666666666,80.64107142857144,101.30535714285716,-25.0,126.0,144.0,138.0
2025-02-13,45.79166666666666,50.93333333333334,1430.625,13.533333333333331,40.50833333333333,60.458333333333336,16.808333333333334,50.25,989.3791666666666,5.9750000000000005,52.125,126.0,13,2,3,133.0,158.0,182.0,160.0,48.30833333333334,68.77916666666667,115.95,73.30416666666666,139.0,153.42857142857142,168.0,54.29305555555553,76.71071428571429,96.8223214285714,-7.0,144.0,138.0,154.0
2025-02-14,53.083333333333336,57.75416666666666,1903.6666666666667,16.6875,45.8875,66.08333333333333,17.470833333333335,52.79166666666666,986.7541666666666,4.3,53.458333333333336,144.0,14,2,4,126.0,133.0,158.0,119.0,45.79166666666666,48.30833333333334,68.77916666666667,42.925,134.33333333333334,157.0,164.64285714285714,49.061111111111096,78.16190476190476,91.07053571428573,18.0,138.0,154.0,141.0
2025-02-15,50.66666666666666,54.61666666666667,1382.9583333333333,15.4125,58.34583333333333,64.58333333333333,18.1375,57.458333333333336,985.6958333333332,3.8708333333333336,46.833333333333336,138.0,15,2,5,144.0,126.0,133.0,167.0,53.083333333333336,45.79166666666666,48.30833333333334,86.27083333333333,136.0,152.85714285714286,161.07142857142858,49.8472222222222,73.07559523809525,85.64970238095238,-6.0,154.0,141.0,129.0
2025-02-16,61.57916666666667,66.75,1479.375,18.316666666666663,47.7,60.54166666666666,17.837500000000002,62.54166666666666,987.4625,5.045833333333333,51.833333333333336,154.0,16,2,6,138.0,144.0,126.0,189.0,50.66666666666666,53.083333333333336,45.79166666666666,128.95000000000002,145.33333333333334,147.85714285714286,158.92857142857142,55.10972222222221,63.45119047619047,81.47083333333333,16.0,141.0,129.0,105.0
2025-02-17,51.85416666666666,57.54583333333333,1002.7083333333334,13.004166666666668,32.545833333333334,75.70833333333333,18.675,59.91666666666666,990.0541666666668,4.995833333333333,46.458333333333336,141.0,17,2,0,154.0,138.0,144.0,182.0,61.57916666666667,50.66666666666666,53.083333333333336,115.95,144.33333333333334,142.0,156.35714285714286,54.69999999999998,54.29464285714285,77.60654761904762,-13.0,129.0,105.0,120.0
2025-02-18,46.89166666666667,50.9125,1664.0,14.791666666666666,30.90416666666667,78.375,18.579166666666666,56.75,988.9708333333332,5.25,21.125,129.0,18,2,1,141.0,154.0,138.0,158.0,51.85416666666666,61.57916666666667,50.66666666666666,68.77916666666667,141.33333333333334,137.85714285714286,152.07142857142858,53.441666666666656,51.16785714285714,71.69017857142858,-12.0,105.0,120.0,135.0
2025-02-19,37.30416666666667,40.55416666666667,975.0416666666666,15.0625,23.15833333333333,90.125,18.52083333333333,61.75,986.4041666666668,5.429166666666667,89.91666666666667,105.0,19,2,2,129.0,141.0,154.0,133.0,46.89166666666667,51.85416666666666,61.57916666666667,48.30833333333334,125.0,133.85714285714286,146.07142857142858,45.34999999999999,49.59583333333334,65.11845238095239,-24.0,120.0,135.0,151.0
2025-02-20,43.39166666666667,59.10833333333333,703.5,8.908333333333333,24.46666666666667,71.20833333333333,13.25,89.08333333333333,989.5625,6.604166666666667,45.91666666666666,120.0,20,2,3,105.0,129.0,141.0,126.0,37.30416666666667,46.89166666666667,51.85416666666666,45.79166666666666,118.0,133.0,143.21428571428572,42.529166666666654,49.2529761904762,62.98184523809524,15.0,135.0,151.0,161.0
2025-02-21,49.4375,64.2625,1093.8333333333333,10.8875,28.575000000000003,77.79166666666667,14.825,80.25,992.325,5.2625,48.04166666666666,135.0,21,2,4,120.0,105.0,129.0,144.0,43.39166666666667,37.30416666666667,46.89166666666667,53.083333333333336,120.0,131.71428571428572,144.35714285714286,43.37777777777776,48.73214285714285,63.44702380952382,15.0,151.0,161.0,162.0
2025-02-22,56.21666666666667,60.94166666666666,1548.875,15.895833333333334,52.020833333333336,64.83333333333333,16.6125,70.54166666666667,991.1541666666668,4.091666666666667,0.9166666666666666,151.0,22,2,5,135.0,120.0,105.0,138.0,49.4375,43.39166666666667,37.30416666666667,50.66666666666666,135.33333333333334,133.57142857142858,143.21428571428572,49.68194444444443,49.525,61.30029761904762,16.0,161.0,162.0,134.0
2025-02-23,74.20833333333333,81.05416666666666,2873.4166666666665,20.633333333333333,73.2,69.75,17.266666666666666,64.04166666666667,991.7875,3.6625,0.3333333333333333,161.0,23,2,6,151.0,135.0,120.0,154.0,56.21666666666667,49.4375,43.39166666666667,61.57916666666667,149.0,134.57142857142858,141.21428571428572,59.95416666666665,51.329166666666666,57.39017857142857,10.0,162.0,134.0,88.0
2025-02-24,75.84166666666667,82.23333333333333,2440.5416666666665,20.129166666666663,70.03333333333333,67.875,18.329166666666666,65.20833333333333,992.6083333333332,3.029166666666667,66.375,162.0,24,2,0,161.0,151.0,135.0,141.0,74.20833333333333,56.21666666666667,49.4375,51.85416666666666,158.0,137.57142857142858,139.78571428571428,68.75555555555553,54.75595238095239,54.52529761904763,1.0,134.0,88.0,91.0
2025-02-25,48.80416666666667,61.69166666666666,1055.4583333333333,12.325,26.445833333333336,72.29166666666667,17.224999999999998,78.04166666666667,992.8,7.35,97.625,134.0,25,2,1,162.0,161.0,151.0,129.0,75.84166666666667,74.20833333333333,56.21666666666667,46.89166666666667,152.33333333333334,138.28571428571428,138.07142857142858,66.2847222222222,55.02916666666668,53.09851190476191,-28.0,88.0,91.0,112.0
2025-02-26,29.916666666666668,59.175,543.4166666666666,10.5,18.9125,81.83333333333333,20.133333333333333,71.54166666666667,991.1166666666668,10.070833333333333,98.83333333333331,88.0,26,2,2,134.0,162.0,161.0,105.0,48.80416666666667,75.84166666666667,74.20833333333333,37.30416666666667,128.0,135.85714285714286,134.85714285714286,51.520833333333314,53.97380952380952,51.78482142857143,-46.0,91.0,112.0,93.0
2025-02-27,31.15,70.32083333333334,500.625,7.895833333333333,16.625,67.625,17.370833333333334,89.79166666666667,987.3083333333334,11.404166666666669,99.95833333333331,91.0,27,2,3,88.0,134.0,162.0,120.0,29.916666666666668,48.80416666666667,75.84166666666667,43.39166666666667,104.33333333333331,131.71428571428572,132.35714285714286,36.623611111111096,52.225,50.73898809523809,3.0,112.0,93.0,150.0
2025-02-28,39.79583333333333,52.15416666666667,715.125,9.591666666666669,26.195833333333336,50.875,16.349999999999998,86.16666666666667,985.6208333333334,6.254166666666666,42.79166666666666,112.0,28,2,4,91.0,88.0,134.0,135.0,31.15,29.916666666666668,48.80416666666667,49.4375,97.0,128.42857142857142,130.07142857142858,33.62083333333332,50.847619047619055,49.78988095238095,21.0,93.0,150.0,122.0
2025-03-01,32.166666666666664,38.75,860.0,10.066666666666666,27.52083333333333,63.875,16.425,79.04166666666667,989.2166666666668,6.045833333333333,21.75,93.0,1,3,5,112.0,91.0,88.0,151.0,39.79583333333333,31.15,29.916666666666668,56.21666666666667,98.66666666666669,120.14285714285714,126.85714285714286,34.37083333333332,47.41190476190476,48.46845238095239,-19.0,150.0,122.0,94.0
2025-03-02,55.395833333333336,60.69583333333333,1824.0833333333333,15.775,51.67916666666667,56.66666666666666,16.558333333333334,64.79166666666667,986.7583333333332,5.858333333333333,8.25,150.0,2,3,6,93.0,112.0,91.0,161.0,32.166666666666664,39.79583333333333,31.15,74.20833333333333,118.33333333333331,118.57142857142856,126.57142857142856,42.45277777777776,44.72440476190476,48.02678571428572,57.0,122.0,94.0,59.0
2025-03-03,44.18333333333334,59.3875,1191.4166666666667,8.991666666666667,24.566666666666663,73.375,15.629166666666668,78.25,985.6125,8.954166666666667,33.291666666666664,122.0,3,3,0,150.0,93.0,112.0,162.0,55.395833333333336,32.166666666666664,39.79583333333333,75.84166666666667,121.66666666666669,112.85714285714286,125.21428571428572,43.91527777777776,40.20178571428572,47.47886904761906,-28.0,94.0,59.0,128.0
2025-03-04,32.420833333333334,50.88333333333333,805.625,8.875,20.7375,76.5,14.575,69.08333333333333,990.5541666666668,8.404166666666667,3.0,94.0,4,3,1,122.0,150.0,93.0,134.0,44.18333333333334,55.395833333333336,32.166666666666664,48.80416666666667,122.0,107.14285714285714,122.71428571428572,43.99999999999998,37.86130952380953,46.445238095238096,-28.0,59.0,128.0,154.0
2025-03-05,16.125,16.974999999999998,652.9583333333334,7.6,16.433333333333334,86.20833333333333,15.916666666666666,57.708333333333336,988.55,11.3,20.08333333333333,59.0,5,3,2,94.0,122.0,150.0,88.0,32.420833333333334,44.18333333333334,55.395833333333336,29.916666666666668,91.66666666666669,103.0,119.42857142857144,30.9097222222222,35.89107142857143,44.93244047619048,-35.0,128.0,154.0,130.0
2025-03-06,46.63333333333333,47.85833333333333,2024.2083333333333,16.845833333333335,51.395833333333336,70.66666666666667,16.720833333333335,68.45833333333333,986.2458333333334,2.6125000000000003,4.458333333333333,128.0,6,3,3,59.0,94.0,122.0,91.0,16.125,32.420833333333334,44.18333333333334,31.15,93.66666666666669,108.28571428571428,120.0,31.726388888888877,38.10297619047619,45.163988095238096,69.0,154.0,130.0,98.0
2025-03-07,61.67083333333333,62.80833333333334,1959.9166666666667,21.366666666666664,59.1,88.16666666666667,18.245833333333334,65.83333333333333,984.6333333333332,4.304166666666666,20.375,154.0,7,3,4,128.0,59.0,94.0,112.0,46.63333333333333,16.125,32.420833333333334,39.79583333333333,113.66666666666669,114.28571428571428,121.35714285714286,41.47638888888887,41.22797619047618,46.03779761904762,26.0,130.0,98.0,104.0
2025-03-08,47.1875,49.69166666666666,1331.4166666666667,13.916666666666666,43.94583333333333,73.66666666666667,19.741666666666667,60.375,983.2375,6.441666666666666,18.791666666666668,130.0,8,3,5,154.0,128.0,59.0,93.0,61.67083333333333,46.63333333333333,16.125,32.166666666666664,137.33333333333334,119.57142857142856,119.85714285714286,51.83055555555554,43.37380952380953,45.392857142857146,-24.0,98.0,104.0,108.0
2025-03-09,34.3875,37.40833333333333,848.7916666666666,11.291666666666666,20.183333333333334,107.25,20.775,63.875,987.2916666666666,6.175,62.958333333333336,98.0,9,3,6,130.0,154.0,128.0,150.0,47.1875,61.67083333333333,46.63333333333333,55.395833333333336,127.33333333333331,112.14285714285714,115.35714285714286,47.748611111111096,40.37261904761905,42.5485119047619,-32.0,104.0,108.0,95.0
2025-03-10,36.79583333333333,70.67083333333333,579.7083333333334,14.604166666666666,18.54583333333333,97.08333333333331,21.95833333333333,63.41666666666666,990.2083333333334,10.391666666666667,63.91666666666666,104.0,10,3,0,98.0,130.0,154.0,122.0,34.3875,47.1875,61.67083333333333,44.18333333333334,110.66666666666669,109.57142857142856,111.21428571428572,39.45694444444442,39.3172619047619,39.759523809523806,6.0,108.0,95.0,103.0
2025-03-11,38.48333333333333,77.25416666666666,867.4166666666666,9.216666666666669,28.3625,83.66666666666667,21.7625,63.708333333333336,988.2291666666666,6.304166666666667,65.625,108.0,11,3,1,104.0,98.0,130.0,94.0,36.79583333333333,34.3875,47.1875,32.420833333333334,103.33333333333331,111.57142857142856,109.35714285714286,36.555555555555536,40.18333333333333,39.02232142857143,4.0,95.0,103.0,89.0
2025-03-12,33.075,72.30416666666666,729.0833333333334,8.491666666666667,24.525,85.125,21.825,61.75,984.0833333333334,6.4125000000000005,18.166666666666668,95.0,12,3,2,108.0,104.0,98.0,59.0,38.48333333333333,36.79583333333333,34.3875,16.125,102.33333333333331,116.71428571428572,109.85714285714286,36.118055555555536,42.6047619047619,39.24791666666666,-13.0,103.0,89.0,122.0
2025-03-13,36.475,66.46666666666667,628.125,8.745833333333334,31.454166666666666,69.375,20.504166666666663,68.04166666666667,982.7166666666668,7.4125,10.291666666666666,103.0,13,3,3,95.0,108.0,104.0,128.0,33.075,38.48333333333333,36.79583333333333,46.63333333333333,102.0,113.14285714285714,110.71428571428572,36.01111111111109,41.15357142857143,39.62827380952381,8.0,89.0,122.0,138.0
2025-03-14,30.3,48.19166666666666,586.0416666666666,9.5,23.504166666666663,83.58333333333333,19.5875,68.625,984.9875,7.758333333333333,54.375,89.0,14,3,4,103.0,95.0,108.0,154.0,36.475,33.075,38.48333333333333,61.67083333333333,95.66666666666669,103.85714285714286,109.07142857142856,33.28333333333331,36.67202380952381,38.95,-14.0,122.0,138.0,131.0
2025-03-15,44.11666666666667,72.125,566.375,11.245833333333332,35.895833333333336,78.66666666666667,18.025,78.08333333333333,987.4583333333334,5.516666666666667,29.166666666666668,122.0,15,3,5,89.0,103.0,95.0,130.0,30.3,36.475,33.075,47.1875,104.66666666666669,102.71428571428572,111.14285714285714,36.96388888888887,36.23333333333333,39.80357142857143,33.0,138.0,131.0,119.0
2025-03-16,50.54583333333333,68.125,1228.5,15.529166666666669,52.208333333333336,76.20833333333333,19.4,66.54166666666667,987.3625,4.279166666666667,32.416666666666664,138.0,16,3,6,122.0,89.0,103.0,98.0,44.11666666666667,30.3,36.475,34.3875,116.33333333333331,108.42857142857144,110.28571428571428,41.65416666666664,38.54166666666667,39.457142857142856,16.0,131.0,119.0,44.0
2025-03-17,47.76666666666667,52.84583333333333,1391.9583333333333,17.079166666666666,45.458333333333336,93.08333333333331,21.229166666666668,55.0,987.6,4.2250000000000005,7.25,131.0,17,3,0,138.0,122.0,89.0,104.0,50.54583333333333,44.11666666666667,30.3,36.79583333333333,130.33333333333334,112.28571428571428,110.92857142857144,47.47638888888887,40.10892857142857,39.71309523809524,-7.0,119.0,44.0,76.0
2025-03-18,42.98333333333333,45.30833333333334,1175.875,14.366666666666667,51.458333333333336,87.45833333333333,23.33333333333333,44.91666666666666,987.0458333333332,5.354166666666667,50.16666666666666,119.0,18,3,1,131.0,138.0,122.0,108.0,47.76666666666667,50.54583333333333,44.11666666666667,38.48333333333333,129.33333333333334,113.85714285714286,112.71428571428572,47.09861111111109,40.75178571428571,40.46755952380952,-12.0,44.0,76.0,90.0
2025-03-19,35.49166666666667,42.0375,1223.0,12.8375,33.30833333333333,93.70833333333331,22.08333333333333,50.79166666666666,988.65,5.5625,50.04166666666666,44.0,19,3,2,119.0,131.0,138.0,95.0,42.98333333333333,47.76666666666667,50.54583333333333,33.075,98.0,106.57142857142856,111.64285714285714,42.08055555555554,41.09702380952381,41.85089285714285,-75.0,76.0,90.0,121.0
2025-03-20,24.166666666666668,28.84166666666667,885.625,8.887500000000001,23.5875,91.04166666666669,23.75,40.125,989.9583333333334,6.470833333333334,5.791666666666667,76.0,20,3,3,44.0,119.0,131.0,103.0,35.49166666666667,42.98333333333333,47.76666666666667,36.475,79.66666666666667,102.71428571428572,107.92857142857144,34.21388888888887,39.33869047619048,40.24613095238095,32.0,90.0,121.0,127.0
2025-03-21,30.6125,35.666666666666664,1148.1666666666667,10.170833333333333,28.05,91.5,23.6375,40.583333333333336,988.0625,5.95,3.208333333333333,90.0,21,3,4,76.0,44.0,119.0,89.0,24.166666666666668,35.49166666666667,42.98333333333333,30.3,70.0,102.85714285714286,103.35714285714286,30.09027777777776,39.38333333333333,38.027678571428574,14.0,121.0,127.0,154.0
2025-03-22,43.55,46.05833333333334,1210.25,14.4625,48.958333333333336,94.54166666666669,22.9125,49.75,987.3166666666666,3.6375,10.25,121.0,22,3,5,90.0,76.0,44.0,122.0,30.6125,24.166666666666668,35.49166666666667,44.11666666666667,95.66666666666669,102.71428571428572,102.71428571428572,32.776388888888874,39.30238095238095,37.767857142857146,31.0,127.0,154.0,151.0
2025-03-23,46.03333333333333,48.79166666666666,1133.4583333333333,17.0125,52.18333333333334,97.125,24.52083333333333,46.16666666666666,988.6291666666666,3.4875000000000003,4.791666666666667,127.0,23,3,6,121.0,90.0,76.0,138.0,43.55,30.6125,24.166666666666668,50.54583333333333,112.66666666666669,101.14285714285714,104.78571428571428,40.06527777777776,38.657738095238095,38.59970238095239,6.0,154.0,151.0,119.0
2025-03-24,61.05,64.47083333333333,1029.9166666666667,20.816666666666663,46.19166666666666,118.54166666666669,25.166666666666668,49.29166666666666,987.4083333333332,4.541666666666667,24.541666666666668,154.0,24,3,0,127.0,121.0,90.0,131.0,46.03333333333333,43.55,30.6125,47.76666666666667,134.0,104.42857142857144,108.35714285714286,50.21111111111109,40.55535714285714,40.332142857142856,27.0,151.0,119.0,95.0
2025-03-25,56.4375,65.65416666666667,712.3333333333334,14.291666666666666,18.891666666666666,133.08333333333334,26.579166666666666,48.375,983.3916666666668,6.925,83.54166666666667,151.0,25,3,1,154.0,127.0,121.0,119.0,61.05,46.03333333333333,43.55,42.98333333333333,144.0,109.0,111.42857142857144,54.50694444444442,42.47738095238096,41.61458333333333,-3.0,119.0,95.0,56.0
2025-03-26,42.93333333333334,87.32916666666667,602.25,14.4875,15.4875,115.29166666666669,28.079166666666666,35.666666666666664,980.4458333333332,10.333333333333334,32.083333333333336,119.0,26,3,2,151.0,154.0,127.0,44.0,56.4375,61.05,46.03333333333333,35.49166666666667,141.33333333333334,119.71428571428572,113.14285714285714,53.4736111111111,43.54047619047619,42.31875000000001,-32.0,95.0,56.0,55.0
2025-03-27,32.92916666666667,84.64999999999999,541.6666666666666,8.895833333333334,13.175,101.45833333333331,26.6375,25.83333333333333,980.7416666666668,10.875,0.0416666666666666,95.0,27,3,3,119.0,151.0,154.0,76.0,42.93333333333334,56.4375,61.05,24.166666666666668,121.66666666666669,122.42857142857144,112.57142857142856,44.09999999999999,44.79226190476191,42.0654761904762,-24.0,56.0,55.0,71.0
2025-03-28,14.391666666666666,29.9625,525.875,6.570833333333333,14.345833333333331,109.125,21.370833333333334,20.541666666666668,986.2375,9.054166666666667,1.875,56.0,28,3,4,95.0,119.0,151.0,90.0,32.92916666666667,42.93333333333334,56.4375,30.6125,90.0,117.57142857142856,110.21428571428572,30.0847222222222,42.47500000000001,40.92916666666667,-39.0,55.0,71.0,77.0
2025-03-29,14.15,15.741666666666667,627.4583333333334,7.595833333333334,17.279166666666665,104.625,22.23333333333333,23.541666666666668,985.3041666666668,10.370833333333334,18.83333333333333,55.0,29,3,5,56.0,95.0,119.0,121.0,14.391666666666666,32.92916666666667,42.93333333333334,43.55,68.66666666666667,108.14285714285714,105.42857142857144,20.49027777777776,38.275,38.78869047619048,-1.0,71.0,77.0,96.0
2025-03-30,21.679166666666664,22.366666666666664,1203.75,9.429166666666667,25.4,104.70833333333331,23.679166666666664,24.5,985.5833333333334,5.933333333333334,0.0,71.0,30,3,6,55.0,56.0,95.0,127.0,14.15,14.391666666666666,32.92916666666667,46.03333333333333,60.66666666666666,100.14285714285714,100.64285714285714,16.74027777777776,34.795833333333334,36.72678571428571,16.0,77.0,96.0,92.0
2025-03-31,24.616666666666664,29.8375,1079.4166666666667,8.841666666666667,22.6,95.66666666666669,25.25,24.25,985.425,6.45,0.0,77.0,31,3,0,71.0,55.0,56.0,154.0,21.679166666666664,14.15,14.391666666666666,61.05,67.66666666666667,89.14285714285714,96.78571428571428,20.14861111111109,29.59107142857143,35.073214285714286,6.0,96.0,92.0,74.0
2025-04-01,33.520833333333336,45.87916666666666,940.2083333333334,10.120833333333334,37.2875,87.16666666666667,25.525,24.166666666666668,984.2375,5.4625,0.0,96.0,1,4,1,77.0,71.0,55.0,151.0,24.616666666666664,21.679166666666664,14.15,56.4375,81.33333333333333,81.28571428571429,95.14285714285714,26.605555555555537,26.3172619047619,34.39732142857143,19.0,92.0,74.0,67.0
2025-04-02,31.679166666666664,34.516666666666666,598.6666666666666,13.404166666666669,38.675,101.58333333333331,26.704166666666666,25.33333333333333,985.2041666666668,7.595833333333334,27.25,92.0,2,4,2,96.0,77.0,71.0,119.0,33.520833333333336,24.616666666666664,21.679166666666664,42.93333333333334,88.33333333333333,77.42857142857143,98.57142857142856,29.93888888888887,24.709523809523805,34.125,-4.0,74.0,67.0,78.0
2025-04-03,22.879166666666663,29.416666666666668,725.125,8.245833333333334,16.775000000000002,110.95833333333331,26.054166666666664,28.0,986.9791666666666,8.158333333333333,46.583333333333336,74.0,3,4,3,92.0,96.0,77.0,95.0,31.679166666666664,33.520833333333336,24.616666666666664,32.92916666666667,87.33333333333333,74.42857142857143,98.42857142857144,29.359722222222207,23.27380952380952,34.03303571428572,-18.0,67.0,78.0,96.0
2025-04-04,19.716666666666665,33.112500000000004,793.1666666666666,8.549999999999999,15.345833333333331,110.04166666666669,26.475,30.291666666666668,986.3083333333334,8.295833333333333,0.2083333333333333,67.0,4,4,4,74.0,92.0,96.0,56.0,22.879166666666663,31.679166666666664,33.520833333333336,14.391666666666666,77.66666666666667,76.0,96.78571428571428,24.75833333333331,24.034523809523808,33.25476190476191,-7.0,78.0,96.0,104.0
2025-04-05,24.8875,33.625,1000.2083333333334,10.741666666666667,30.6,103.0,28.195833333333336,27.20833333333333,982.8333333333334,4.170833333333333,25.791666666666668,78.0,5,4,5,67.0,74.0,92.0,55.0,19.716666666666665,22.879166666666663,31.679166666666664,14.15,73.0,79.28571428571429,93.71428571428572,22.494444444444422,25.568452380952376,31.92172619047619,11.0,96.0,104.0,107.0
2025-04-06,33.541666666666664,35.6875,1086.2916666666667,13.325,45.46666666666667,92.66666666666669,30.383333333333336,31.291666666666668,981.0791666666668,4.825,19.791666666666668,96.0,6,4,6,78.0,67.0,74.0,71.0,24.8875,19.716666666666665,22.879166666666663,21.679166666666664,80.33333333333333,82.85714285714286,91.5,26.04861111111109,27.26309523809524,31.029464285714287,18.0,104.0,107.0,103.0
2025-04-07,36.5375,40.083333333333336,666.875,16.466666666666665,40.15,104.20833333333331,31.48333333333333,34.416666666666664,983.05,7.208333333333333,36.958333333333336,104.0,7,4,0,96.0,78.0,67.0,77.0,33.541666666666664,24.8875,19.716666666666665,24.616666666666664,92.66666666666669,86.71428571428571,87.92857142857143,31.655555555555537,28.96607142857143,29.27857142857143,8.0,107.0,103.0,104.0
2025-04-08,37.80833333333333,74.36666666666666,602.375,13.175,25.8125,105.04166666666669,31.308333333333334,34.458333333333336,984.9,8.566666666666666,45.708333333333336,107.0,8,4,1,104.0,96.0,78.0,96.0,36.5375,33.541666666666664,24.8875,33.520833333333336,102.33333333333331,88.28571428571429,84.78571428571429,35.962499999999984,29.57857142857143,27.947916666666664,3.0,103.0,104.0,115.0
2025-04-09,36.35,75.03750000000001,1094.1666666666667,14.079166666666666,22.1,117.5,31.258333333333336,32.083333333333336,982.4208333333332,6.533333333333334,69.16666666666667,103.0,9,4,2,107.0,104.0,96.0,92.0,37.80833333333333,36.5375,33.541666666666664,31.679166666666664,104.66666666666669,89.85714285714286,83.64285714285714,36.89861111111109,30.245833333333334,27.477678571428573,-4.0,104.0,115.0,121.0
2025-04-10,36.5875,70.95,818.0416666666666,12.845833333333331,30.2375,102.375,29.191666666666663,39.375,977.4583333333334,7.5625,48.0,104.0,10,4,3,103.0,107.0,104.0,74.0,36.35,37.80833333333333,36.5375,22.879166666666663,104.66666666666669,94.14285714285714,84.28571428571429,36.91527777777776,32.204166666666666,27.73898809523809,1.0,115.0,121.0,129.0
2025-04-11,41.05833333333333,130.70000000000002,683.7083333333334,11.170833333333334,14.7875,110.29166666666669,25.383333333333336,57.458333333333336,978.6416666666668,8.916666666666666,38.91666666666666,115.0,11,4,4,104.0,103.0,107.0,67.0,36.5875,36.35,37.80833333333333,19.716666666666665,107.33333333333331,101.0,88.5,37.998611111111096,35.25297619047619,29.64375,11.0,121.0,129.0,103.0
2025-04-12,43.5875,119.36666666666667,509.7083333333333,12.458333333333334,27.745833333333334,113.66666666666669,27.225,40.625,981.8375,7.375,5.916666666666667,121.0,12,4,5,115.0,104.0,103.0,78.0,41.05833333333333,36.5875,36.35,24.8875,113.33333333333331,107.14285714285714,93.21428571428572,40.41111111111109,37.92440476190477,31.74642857142857,6.0,129.0,103.0,155.0
2025-04-13,46.9,102.50833333333333,588.9166666666666,18.59583333333333,38.391666666666666,114.91666666666669,28.508333333333336,41.625,983.2416666666668,5.3,0.0,129.0,13,4,6,121.0,115.0,104.0,96.0,43.5875,41.05833333333333,36.5875,33.541666666666664,121.66666666666669,111.85714285714286,97.35714285714286,43.84861111111109,39.83273809523809,33.547916666666666,8.0,103.0,155.0,152.0
2025-04-14,36.395833333333336,60.1,614.875,15.395833333333334,27.92083333333333,136.29166666666666,30.92083333333333,36.79166666666666,982.4875,6.279166666666666,0.2916666666666667,103.0,14,4,0,129.0,121.0,115.0,104.0,46.9,43.5875,41.05833333333333,36.5375,117.66666666666669,111.71428571428572,99.21428571428572,42.29444444444442,39.8125,34.38928571428571,-26.0,155.0,152.0,113.0
2025-04-15,62.56666666666666,229.4958333333333,522.125,15.0,23.0,133.33333333333334,31.65833333333333,34.291666666666664,982.4,8.275,6.791666666666667,155.0,15,4,1,103.0,129.0,121.0,107.0,36.395833333333336,46.9,43.5875,37.80833333333333,129.0,118.57142857142856,103.42857142857144,48.62083333333332,43.34940476190476,36.46398809523809,52.0,152.0,113.0,98.0
2025-04-16,56.94583333333333,183.53333333333333,538.0833333333334,14.7375,11.154166666666669,142.91666666666666,31.29583333333333,37.333333333333336,981.3375,10.829166666666666,25.95833333333333,152.0,16,4,2,155.0,103.0,129.0,103.0,62.56666666666666,36.395833333333336,46.9,36.35,136.66666666666666,125.57142857142856,107.71428571428572,51.96944444444443,46.29166666666666,38.26875,-3.0,113.0,98.0,155.0
2025-04-17,40.3,73.375,757.7083333333334,13.6875,34.487500000000004,117.04166666666669,31.3875,37.91666666666666,979.2208333333332,5.766666666666667,0.8333333333333334,113.0,17,4,3,152.0,155.0,103.0,104.0,56.94583333333333,62.56666666666666,36.395833333333336,36.5875,140.0,126.85714285714286,110.5,53.270833333333314,46.822023809523806,39.51309523809524,-39.0,98.0,155.0,132.0
2025-04-18,29.03333333333333,71.65833333333333,520.875,12.475,13.941666666666668,136.16666666666666,31.64583333333333,37.333333333333336,976.7666666666668,10.941666666666668,38.333333333333336,98.0,18,4,4,113.0,152.0,155.0,115.0,40.3,56.94583333333333,62.56666666666666,41.05833333333333,121.0,124.42857142857144,112.71428571428572,42.09305555555554,45.10416666666666,40.17857142857143,-15.0,155.0,132.0,132.0
2025-04-19,62.9125,206.78333333333333,399.25,10.766666666666666,10.958333333333334,126.54166666666669,32.7125,31.45833333333333,975.3166666666666,15.904166666666669,44.41666666666666,155.0,19,4,5,98.0,113.0,152.0,121.0,29.03333333333333,40.3,56.94583333333333,43.5875,122.0,129.28571428571428,118.21428571428572,44.08194444444442,47.86488095238095,42.894642857142856,57.0,132.0,132.0,105.0
2025-04-20,48.15833333333333,156.15416666666667,510.4166666666667,11.3,12.945833333333333,127.625,31.1,31.70833333333333,977.8916666666668,13.4,1.5,132.0,20,4,6,155.0,98.0,113.0,129.0,62.9125,29.03333333333333,40.3,46.9,128.33333333333334,129.71428571428572,120.78571428571428,46.701388888888864,48.04464285714285,43.93869047619047,-23.0,132.0,105.0,103.0
2025-04-21,47.92083333333333,152.34166666666667,574.625,11.2,22.9,115.45833333333331,31.016666666666666,30.541666666666668,982.2583333333332,7.8,12.166666666666666,132.0,21,4,0,132.0,155.0,98.0,103.0,48.15833333333333,62.9125,29.03333333333333,36.395833333333336,139.66666666666666,133.85714285714286,122.78571428571428,52.9972222222222,49.69107142857143,44.75178571428571,0.0,105.0,103.0,84.0
2025-04-22,37.19166666666667,81.50833333333334,696.1666666666666,10.054166666666667,24.054166666666664,117.25,31.34583333333333,20.75,982.9833333333332,4.708333333333333,0.375,105.0,22,4,1,132.0,132.0,155.0,155.0,47.92083333333333,48.15833333333333,62.9125,62.56666666666666,123.0,126.71428571428572,122.64285714285714,44.423611111111086,46.06607142857143,44.70773809523809,-27.0,103.0,84.0,63.0
2025-04-23,36.40416666666666,56.32916666666667,790.2083333333334,10.491666666666667,38.19166666666667,103.66666666666669,31.5625,15.791666666666666,979.7208333333332,5.220833333333333,1.625,103.0,23,4,2,105.0,132.0,132.0,152.0,37.19166666666667,47.92083333333333,48.15833333333333,56.94583333333333,113.33333333333331,119.71428571428572,122.64285714285714,40.50555555555553,43.13154761904762,44.71160714285714,-2.0,84.0,63.0,68.0
2025-04-24,27.779166666666665,36.24166666666667,765.3333333333334,10.691666666666668,33.06666666666667,110.54166666666669,31.491666666666664,16.708333333333332,978.2083333333334,4.279166666666667,12.5,84.0,24,4,3,103.0,105.0,132.0,113.0,36.40416666666666,37.19166666666667,47.92083333333333,40.3,97.33333333333331,115.57142857142856,121.21428571428572,33.79166666666665,41.34285714285714,44.08244047619048,-19.0,63.0,68.0,77.0
2025-04-25,17.75,23.725,497.875,6.9750000000000005,33.833333333333336,106.91666666666669,32.5,15.5,979.5333333333332,7.837499999999999,18.625,63.0,25,4,4,84.0,103.0,105.0,98.0,27.779166666666665,36.40416666666666,37.19166666666667,29.03333333333333,83.33333333333333,110.57142857142856,117.5,27.31111111111109,39.73095238095238,42.41755952380952,-21.0,68.0,77.0,100.0
2025-04-26,18.875,27.441666666666663,770.125,7.604166666666667,22.0,118.375,32.35,16.0,979.7458333333334,5.745833333333334,15.916666666666666,68.0,26,4,5,63.0,84.0,103.0,155.0,17.75,27.779166666666665,36.40416666666666,62.9125,71.66666666666667,98.14285714285714,113.71428571428572,21.468055555555537,33.43988095238095,40.65238095238095,5.0,77.0,100.0,164.0
2025-04-27,24.48333333333333,34.4375,726.2916666666666,9.091666666666669,26.4375,118.375,32.34166666666666,16.666666666666668,980.3291666666668,4.4625,0.0416666666666666,77.0,27,4,6,68.0,63.0,84.0,132.0,18.875,17.75,27.779166666666665,48.15833333333333,69.33333333333333,90.28571428571428,110.0,20.369444444444422,30.057738095238097,39.05119047619048,9.0,100.0,164.0,193.0
2025-04-28,35.1875,41.18333333333333,803.9166666666666,13.654166666666669,38.35,124.29166666666669,33.82083333333333,13.791666666666666,978.3625,4.833333333333333,0.0416666666666666,100.0,28,4,0,77.0,68.0,63.0,132.0,24.48333333333333,18.875,17.75,47.92083333333333,81.66666666666667,85.71428571428571,109.78571428571428,26.181944444444422,28.23869047619048,38.96488095238095,23.0,164.0,193.0,221.0
2025-04-29,81.08749999999999,249.6,594.375,15.283333333333331,31.58333333333333,134.91666666666666,33.145833333333336,25.541666666666668,978.975,8.5875,1.0,164.0,29,4,1,100.0,77.0,68.0,105.0,35.1875,24.48333333333333,18.875,37.19166666666667,113.66666666666669,94.14285714285714,110.42857142857144,46.91944444444442,34.509523809523806,40.28779761904762,64.0,193.0,221.0,157.0
2025-04-30,93.20833333333331,339.51666666666665,552.5416666666666,18.0125,20.070833333333333,161.08333333333334,34.041666666666664,26.791666666666668,980.4,9.0,27.791666666666668,193.0,30,4,2,164.0,100.0,77.0,103.0,81.08749999999999,35.1875,24.48333333333333,36.40416666666666,152.33333333333334,107.0,113.35714285714286,69.82777777777775,42.62440476190476,42.87797619047619,29.0,221.0,157.0,125.0
2025-05-01,91.85416666666669,369.10833333333335,566.125,17.8125,12.358333333333334,157.41666666666666,31.71666666666667,38.04166666666666,982.05,10.129166666666666,62.16666666666666,221.0,1,5,3,193.0,164.0,100.0,84.0,93.20833333333331,81.08749999999999,35.1875,27.779166666666665,192.66666666666663,126.57142857142856,121.07142857142856,88.71666666666664,51.77797619047619,46.56041666666666,28.0,157.0,125.0,119.0
2025-05-02,67.21666666666667,195.5125,625.0416666666666,12.029166666666669,15.366666666666667,138.54166666666666,27.766666666666666,56.083333333333336,983.3333333333334,6.9875,87.04166666666667,157.0,2,5,4,221.0,193.0,164.0,63.0,91.85416666666669,93.20833333333331,81.08749999999999,17.75,190.33333333333331,140.0,125.28571428571428,84.09305555555555,58.84464285714285,49.28779761904762,-64.0,125.0,119.0,159.0
2025-05-03,45.29583333333333,91.75,623.0416666666666,9.154166666666669,27.35,124.16666666666669,28.666666666666668,49.04166666666666,980.3791666666666,6.416666666666667,58.583333333333336,125.0,3,5,5,157.0,221.0,193.0,68.0,67.21666666666667,91.85416666666669,93.20833333333331,18.875,167.66666666666666,148.14285714285714,123.14285714285714,68.1222222222222,62.61904761904761,48.02946428571428,-32.0,119.0,159.0,166.0
2025-05-04,42.875,72.96249999999999,870.1666666666666,11.891666666666666,28.629166666666663,110.375,27.016666666666666,62.41666666666666,979.4583333333334,5.808333333333334,82.20833333333333,119.0,4,5,6,125.0,157.0,221.0,77.0,45.29583333333333,67.21666666666667,91.85416666666669,24.48333333333333,133.66666666666666,154.14285714285714,122.21428571428572,51.79583333333331,65.24642857142858,47.65208333333333,-6.0,159.0,166.0,151.0
2025-05-05,71.00416666666666,223.1,668.125,15.15,25.85833333333333,106.5,25.729166666666668,66.08333333333333,981.4375,6.216666666666666,71.33333333333333,159.0,5,5,0,119.0,125.0,157.0,100.0,42.875,45.29583333333333,67.21666666666667,35.1875,134.33333333333334,162.57142857142858,124.14285714285714,53.05833333333331,70.36309523809523,49.300892857142856,40.0,166.0,151.0,154.0
2025-05-06,84.16250000000001,239.72083333333333,569.25,13.641666666666666,45.5125,112.70833333333331,29.516666666666666,47.333333333333336,980.4,5.795833333333333,49.41666666666666,166.0,6,5,1,159.0,119.0,125.0,164.0,71.00416666666666,42.875,45.29583333333333,81.08749999999999,148.0,162.85714285714286,128.5,66.01388888888887,70.80238095238096,52.65595238095239,7.0,151.0,154.0,138.0
2025-05-07,55.59583333333333,164.40416666666667,680.625,11.195833333333333,14.179166666666667,135.5,29.8875,48.16666666666666,979.8791666666666,6.633333333333333,31.875,151.0,7,5,2,166.0,159.0,119.0,193.0,84.16250000000001,71.00416666666666,42.875,93.20833333333331,158.66666666666666,156.85714285714286,131.92857142857142,70.25416666666665,65.42916666666666,54.02678571428572,-15.0,154.0,138.0,136.0
2025-05-08,60.645833333333336,135.4625,858.75,12.083333333333334,25.55,120.20833333333331,28.641666666666666,57.458333333333336,981.2125,5.241666666666666,39.41666666666666,154.0,8,5,3,151.0,166.0,159.0,221.0,55.59583333333333,84.16250000000001,71.00416666666666,91.85416666666669,157.0,147.28571428571428,136.92857142857142,66.80138888888887,60.97083333333333,56.37440476190476,3.0,138.0,136.0,156.0
2025-05-09,50.44583333333333,112.80416666666667,730.4166666666666,10.454166666666667,20.741666666666667,127.91666666666669,28.77083333333333,59.583333333333336,982.3458333333332,5.195833333333334,47.958333333333336,138.0,9,5,4,154.0,151.0,166.0,157.0,60.645833333333336,55.59583333333333,84.16250000000001,67.21666666666667,147.66666666666666,144.57142857142858,142.28571428571428,55.56249999999998,58.575,58.70982142857143,-16.0,136.0,156.0,116.0
2025-05-10,49.75,85.97916666666667,917.625,10.333333333333334,22.15416666666667,127.83333333333331,30.766666666666666,47.04166666666666,980.9291666666668,4.841666666666667,31.0,136.0,10,5,5,138.0,154.0,151.0,125.0,50.44583333333333,60.645833333333336,55.59583333333333,45.29583333333333,142.66666666666666,146.14285714285714,147.14285714285714,53.61388888888887,59.21130952380952,60.91517857142857,-2.0,156.0,116.0,97.0
2025-05-11,65.78333333333333,98.39166666666668,997.7916666666666,16.741666666666667,44.55416666666667,113.375,28.929166666666664,56.708333333333336,979.2875,4.545833333333333,18.70833333333333,156.0,11,5,6,136.0,138.0,154.0,119.0,49.75,50.44583333333333,60.645833333333336,42.875,143.33333333333334,151.42857142857142,152.78571428571428,55.326388888888864,62.48392857142857,63.865178571428565,20.0,116.0,97.0,116.0
2025-05-12,41.60833333333333,57.1,692.0416666666666,12.929166666666667,24.23333333333333,132.16666666666666,30.079166666666666,43.5,978.2125,5.5125,10.833333333333334,116.0,12,5,0,156.0,136.0,138.0,159.0,65.78333333333333,49.75,50.44583333333333,71.00416666666666,136.0,145.28571428571428,153.92857142857142,52.38055555555553,58.28452380952381,64.32380952380952,-40.0,97.0,116.0,108.0
2025-05-13,33.829166666666666,70.58333333333333,753.5416666666666,8.945833333333333,25.95833333333333,122.16666666666669,32.233333333333334,34.208333333333336,978.1125,5.333333333333333,10.166666666666666,97.0,13,5,1,116.0,156.0,136.0,166.0,41.60833333333333,65.78333333333333,49.75,84.16250000000001,123.0,135.42857142857142,149.14285714285714,47.07361111111109,51.09404761904762,60.948214285714286,-19.0,116.0,108.0,103.0
2025-05-14,41.65,55.22083333333333,1121.875,11.8875,46.90833333333333,112.08333333333331,34.09583333333333,28.791666666666668,978.2416666666668,4.191666666666666,7.375,116.0,14,5,2,97.0,116.0,156.0,151.0,33.829166666666666,41.60833333333333,65.78333333333333,55.59583333333333,109.66666666666669,130.42857142857142,143.64285714285714,39.02916666666665,49.10178571428571,57.26547619047619,19.0,108.0,103.0,146.0
2025-05-15,38.15416666666667,61.77916666666667,855.375,10.579166666666667,34.208333333333336,113.45833333333331,35.71666666666667,25.58333333333333,977.2375,4.016666666666667,6.083333333333333,108.0,15,5,3,116.0,97.0,116.0,154.0,41.65,33.829166666666666,41.60833333333333,60.645833333333336,107.0,123.85714285714286,135.57142857142858,37.87777777777776,45.88869047619048,53.429761904761904,-8.0,103.0,146.0,124.0
2025-05-16,36.329166666666666,59.62083333333334,693.9166666666666,10.85,29.7375,110.41666666666669,34.59166666666667,27.875,976.4291666666668,7.616666666666667,17.458333333333332,103.0,16,5,4,108.0,116.0,97.0,138.0,38.15416666666667,41.65,33.829166666666666,50.44583333333333,109.0,118.85714285714286,131.71428571428572,38.71111111111109,43.87202380952381,51.2235119047619,-5.0,146.0,124.0,163.0
2025-05-17,53.85416666666666,104.52083333333331,805.7916666666666,13.704166666666666,43.24583333333334,115.08333333333331,35.704166666666666,27.58333333333333,975.7333333333332,6.016666666666667,1.875,146.0,17,5,5,103.0,108.0,116.0,136.0,36.329166666666666,38.15416666666667,41.65,49.75,119.0,120.28571428571428,133.21428571428572,42.77916666666664,44.458333333333336,51.83482142857143,43.0,124.0,163.0,119.0
2025-05-18,44.99583333333334,68.54583333333333,844.7083333333334,13.55,32.81666666666667,130.58333333333334,36.1875,27.70833333333333,975.4291666666668,6.558333333333334,5.166666666666667,124.0,18,5,6,146.0,103.0,108.0,156.0,53.85416666666666,36.329166666666666,38.15416666666667,65.78333333333333,124.33333333333331,115.71428571428572,133.57142857142858,45.059722222222206,41.48869047619048,51.98630952380953,-22.0,163.0,119.0,153.0
2025-05-19,78.34166666666667,223.79583333333332,674.2083333333334,13.633333333333333,19.204166666666666,134.16666666666666,30.766666666666666,50.66666666666666,976.425,10.279166666666669,16.583333333333332,163.0,19,5,0,124.0,146.0,103.0,116.0,44.99583333333334,53.85416666666666,36.329166666666666,41.60833333333333,144.33333333333334,122.42857142857144,133.85714285714286,59.06388888888887,46.73630952380953,52.51041666666666,39.0,119.0,153.0,500.0
2025-05-20,42.87083333333334,86.30833333333334,842.0833333333334,11.216666666666669,33.729166666666664,111.25,35.15,34.708333333333336,974.3291666666668,6.275,14.416666666666666,119.0,20,5,1,163.0,124.0,146.0,97.0,78.34166666666667,44.99583333333334,53.85416666666666,33.829166666666666,135.33333333333334,125.57142857142856,130.5,55.40277777777776,48.02797619047619,49.56101190476191,-44.0,153.0,500.0,250.0
2025-05-21,58.5,133.22916666666666,762.0416666666666,12.033333333333331,19.275,143.66666666666666,34.49166666666667,38.875,974.8375,8.3375,17.166666666666668,153.0,21,5,2,119.0,163.0,124.0,116.0,42.87083333333334,78.34166666666667,44.99583333333334,41.65,145.0,130.85714285714286,130.64285714285714,59.90416666666665,50.43511904761905,49.76845238095238,34.0,500.0,250.0,157.0
2025-05-22,160.72916666666666,639.9791666666666,658.5833333333334,13.841666666666669,12.508333333333333,151.08333333333334,34.42916666666667,39.75,975.0833333333334,11.1375,0.0416666666666666,500.0,22,5,3,153.0,119.0,163.0,108.0,58.5,42.87083333333334,78.34166666666667,38.15416666666667,257.3333333333333,186.8571428571429,155.35714285714286,87.36666666666663,67.94583333333334,56.9172619047619,347.0,250.0,157.0,120.0
2025-05-23,100.72083333333336,389.1333333333334,753.7916666666666,14.025,17.075,138.79166666666666,34.6875,41.5,974.4291666666668,9.75,37.833333333333336,250.0,23,5,4,500.0,153.0,119.0,103.0,160.72916666666666,58.5,42.87083333333334,36.329166666666666,301.0,207.8571428571429,163.35714285714286,106.64999999999998,77.14464285714287,60.50833333333333,-250.0,157.0,120.0,140.0
2025-05-24,66.67916666666666,206.775,559.5833333333334,13.65,13.854166666666666,130.95833333333334,29.604166666666668,63.083333333333336,976.5791666666668,10.591666666666669,70.29166666666667,157.0,24,5,5,250.0,500.0,153.0,146.0,100.72083333333336,160.72916666666666,58.5,53.85416666666666,302.3333333333333,209.42857142857144,164.85714285714286,109.37638888888888,78.97678571428571,61.71755952380953,-93.0,120.0,140.0,143.0
2025-05-25,43.37083333333334,129.4,487.6666666666667,9.679166666666667,20.433333333333334,123.91666666666669,30.175,52.875,979.3958333333334,8.954166666666667,2.833333333333333,120.0,25,5,6,157.0,250.0,500.0,124.0,66.67916666666666,100.72083333333336,160.72916666666666,44.99583333333334,175.66666666666666,208.8571428571429,162.28571428571428,70.25694444444443,78.74464285714285,60.11666666666667,-37.0,140.0,143.0,118.0
2025-05-26,51.3,113.07916666666668,689.2083333333334,11.6,43.57083333333333,116.04166666666669,32.99166666666667,43.0,976.5291666666668,4.5125,0.0,140.0,26,5,0,120.0,157.0,250.0,163.0,43.37083333333334,66.67916666666666,100.72083333333336,78.34166666666667,139.0,205.57142857142856,164.0,53.78333333333331,74.88154761904762,60.80892857142857,20.0,143.0,118.0,132.0
2025-05-27,52.675,93.875,971.9166666666666,13.245833333333332,29.879166666666663,144.08333333333334,34.65416666666667,39.04166666666666,974.1375,4.745833333333334,15.125,143.0,27,5,1,140.0,120.0,157.0,119.0,51.3,43.37083333333334,66.67916666666666,42.87083333333334,134.33333333333334,209.0,167.28571428571428,49.11527777777777,76.28214285714286,62.15505952380953,3.0,118.0,132.0,143.0
2025-05-28,42.30416666666667,79.925,760.5416666666666,11.683333333333332,27.075,112.375,35.354166666666664,29.625,972.45,4.933333333333334,12.416666666666666,118.0,28,5,2,143.0,140.0,120.0,153.0,52.675,51.3,43.37083333333334,58.5,133.66666666666666,204.0,167.42857142857142,48.7597222222222,73.96845238095239,62.20178571428572,-25.0,132.0,143.0,154.0
2025-05-29,48.00833333333333,84.83749999999999,728.5833333333334,10.695833333333333,26.54583333333333,124.0,34.575,29.75,970.0708333333332,7.129166666666666,21.20833333333333,132.0,29,5,3,118.0,143.0,140.0,500.0,42.30416666666667,52.675,51.3,160.72916666666666,131.0,151.42857142857142,169.14285714285714,47.66249999999999,57.865476190476194,62.90565476190476,14.0,143.0,154.0,95.0
2025-05-30,52.458333333333336,148.47916666666666,505.3333333333333,9.541666666666666,18.416666666666668,119.20833333333331,32.53333333333333,38.79166666666666,970.5583333333334,10.204166666666667,19.041666666666668,143.0,30,5,4,132.0,118.0,143.0,250.0,48.00833333333333,42.30416666666667,52.675,100.72083333333336,131.0,136.14285714285714,172.0,47.59027777777776,50.97083333333334,64.0577380952381,11.0,154.0,95.0,89.0
2025-05-31,62.25416666666666,189.30416666666667,489.6666666666667,9.7875,20.316666666666663,113.45833333333331,31.325,39.79166666666666,972.6125,12.745833333333332,20.625,154.0,31,5,5,143.0,132.0,118.0,157.0,52.458333333333336,48.00833333333333,42.30416666666667,66.67916666666666,143.0,135.71428571428572,172.57142857142858,54.24027777777776,50.33869047619048,64.6577380952381,11.0,95.0,89.0,99.0
2025-06-01,33.15416666666666,75.34583333333333,549.5,7.8625,20.84583333333333,118.0,32.40833333333333,27.375,973.7333333333332,7.816666666666666,6.708333333333333,95.0,1,6,6,154.0,143.0,132.0,120.0,62.25416666666666,52.458333333333336,48.00833333333333,43.37083333333334,130.66666666666666,132.14285714285714,170.5,49.28888888888887,48.87916666666666,63.81190476190476,-59.0,89.0,99.0,120.0
2025-06-02,30.195833333333336,56.59583333333333,546.6666666666666,7.195833333333333,25.8375,124.20833333333331,32.854166666666664,26.875,972.9958333333334,6.095833333333334,34.166666666666664,89.0,2,6,0,95.0,154.0,143.0,140.0,33.15416666666666,62.25416666666666,52.458333333333336,51.3,112.66666666666669,124.85714285714286,165.21428571428572,41.868055555555536,45.864285714285714,60.37291666666668,-6.0,99.0,120.0,152.0
2025-06-03,29.98333333333333,66.91666666666667,586.9166666666666,8.779166666666667,17.433333333333334,136.75,29.225,44.91666666666666,976.4208333333332,10.966666666666669,12.166666666666666,99.0,3,6,1,89.0,95.0,154.0,143.0,30.195833333333336,33.15416666666666,62.25416666666666,52.675,94.33333333333331,118.57142857142856,163.78571428571428,31.11111111111109,42.62261904761905,59.45238095238096,10.0,120.0,152.0,138.0
2025-06-04,43.19583333333333,116.17083333333332,451.875,10.3875,27.354166666666668,120.66666666666669,29.35833333333333,44.66666666666666,979.2333333333332,8.1,14.0,120.0,4,6,2,99.0,89.0,95.0,118.0,29.98333333333333,30.195833333333336,33.15416666666666,42.30416666666667,102.66666666666669,118.85714285714286,161.42857142857142,34.458333333333314,42.75,58.35922619047619,21.0,152.0,138.0,121.0
2025-06-05,57.97083333333333,164.00833333333333,607.125,11.2875,40.9875,117.08333333333331,31.4625,39.41666666666666,981.3208333333332,5.095833333333333,2.7916666666666665,152.0,5,6,3,120.0,99.0,89.0,132.0,43.19583333333333,29.98333333333333,30.195833333333336,48.00833333333333,123.66666666666669,121.71428571428572,136.57142857142858,43.71666666666665,44.17321428571428,51.01934523809524,32.0,138.0,121.0,96.0
2025-06-06,50.675,107.25833333333333,643.25,12.295833333333334,25.1625,139.41666666666666,34.104166666666664,34.583333333333336,979.75,4.5,0.8333333333333334,138.0,6,6,4,152.0,120.0,99.0,143.0,57.97083333333333,43.19583333333333,29.98333333333333,52.458333333333336,136.66666666666666,121.0,128.57142857142858,50.61388888888887,43.91845238095237,47.44464285714285,-14.0,121.0,96.0,94.0
2025-06-07,43.4875,81.64166666666667,686.8333333333334,11.320833333333333,24.77916666666667,126.33333333333331,36.52916666666667,30.70833333333333,977.7958333333332,6.6000000000000005,4.291666666666667,121.0,7,6,5,138.0,152.0,120.0,154.0,50.675,57.97083333333333,43.19583333333333,62.25416666666666,137.0,116.28571428571428,126.0,50.7111111111111,41.2375,45.788095238095245,-17.0,96.0,94.0,88.0
2025-06-08,33.31666666666667,72.1875,845.0,9.4,21.166666666666668,117.875,38.3125,23.20833333333333,976.325,6.1375,4.666666666666667,96.0,8,6,6,121.0,138.0,152.0,95.0,43.4875,50.675,57.97083333333333,33.15416666666666,118.33333333333331,116.42857142857144,124.28571428571428,42.49305555555554,41.260714285714286,45.06994047619048,-25.0,94.0,88.0,85.0
2025-06-09,32.479166666666664,55.48333333333333,748.875,10.95,19.441666666666663,123.95833333333331,38.87916666666667,20.33333333333333,974.1916666666666,7.633333333333333,7.375,94.0,9,6,0,96.0,121.0,138.0,89.0,33.31666666666667,43.4875,50.675,30.195833333333336,103.66666666666669,117.14285714285714,121.0,36.42777777777776,41.58690476190476,43.725595238095245,-2.0,88.0,85.0,95.0
2025-06-10,29.604166666666668,57.10416666666666,558.2916666666666,13.004166666666668,19.191666666666663,125.16666666666669,38.641666666666666,22.541666666666668,973.5,7.616666666666667,1.2916666666666667,88.0,10,6,1,94.0,96.0,121.0,99.0,32.479166666666664,33.31666666666667,43.4875,29.98333333333333,92.66666666666669,115.57142857142856,117.07142857142856,31.799999999999983,41.532738095238095,42.07767857142857,-6.0,85.0,95.0,292.0
2025-06-11,28.4625,65.69166666666666,706.2083333333334,9.145833333333334,17.845833333333335,108.5,39.391666666666666,20.041666666666668,974.1833333333334,6.991666666666667,3.083333333333333,85.0,11,6,2,88.0,94.0,96.0,120.0,29.604166666666668,32.479166666666664,33.31666666666667,43.19583333333333,89.0,110.57142857142856,114.71428571428572,30.18194444444443,39.427976190476194,41.08898809523809,-3.0,95.0,292.0,190.0
2025-06-12,33.05833333333333,71.58749999999999,803.5833333333334,9.595833333333331,25.191666666666663,106.70833333333331,39.833333333333336,18.875,974.0666666666666,7.304166666666667,6.333333333333333,95.0,12,6,3,85.0,88.0,94.0,152.0,28.4625,29.604166666666668,32.479166666666664,57.97083333333333,89.33333333333333,102.42857142857144,112.07142857142856,30.374999999999982,35.86904761904762,40.02113095238095,10.0,292.0,190.0,165.0
2025-06-13,111.02916666666664,418.7625,581.5416666666666,13.883333333333333,15.970833333333331,146.45833333333334,37.46666666666667,35.083333333333336,975.0041666666666,8.25,10.416666666666666,292.0,13,6,4,95.0,85.0,88.0,138.0,33.05833333333333,28.4625,29.604166666666668,50.675,157.33333333333334,124.42857142857144,122.71428571428572,57.51666666666665,44.49107142857143,44.2047619047619,197.0,190.0,165.0,176.0
2025-06-14,91.15416666666664,334.7708333333333,822.9583333333334,14.570833333333333,26.58333333333333,128.125,37.09583333333333,34.291666666666664,973.4541666666668,5.9375,35.041666666666664,190.0,14,6,5,292.0,95.0,85.0,121.0,111.02916666666664,33.05833333333333,28.4625,43.4875,192.33333333333331,134.28571428571428,125.28571428571428,78.41388888888886,51.300595238095234,46.26904761904762,-102.0,165.0,176.0,135.0
2025-06-15,81.88333333333334,239.79583333333332,717.25,18.4875,23.370833333333334,139.75,35.9125,37.25,972.6125,6.429166666666667,92.04166666666669,165.0,15,6,6,190.0,292.0,95.0,96.0,91.15416666666664,111.02916666666664,33.05833333333333,33.31666666666667,215.66666666666663,144.14285714285714,130.28571428571428,94.68888888888888,58.23869047619047,49.74970238095239,-25.0,176.0,135.0,144.0
2025-06-16,104.10833333333332,235.3,1129.5833333333333,20.67083333333333,37.34166666666667,127.83333333333331,31.116666666666664,61.5,974.025,5.820833333333334,95.95833333333331,176.0,16,6,0,165.0,190.0,292.0,94.0,81.88333333333334,91.15416666666664,111.02916666666664,32.479166666666664,177.0,155.85714285714286,136.5,92.3819444444444,68.47142857142856,55.02916666666666,11.0,135.0,144.0,158.0
2025-06-17,49.17083333333333,107.8875,816.4583333333334,11.445833333333333,17.533333333333335,123.70833333333331,29.308333333333334,70.25,974.9958333333334,7.291666666666667,36.41666666666666,135.0,17,6,1,176.0,165.0,190.0,88.0,104.10833333333332,81.88333333333334,91.15416666666664,29.604166666666668,158.66666666666666,162.57142857142858,139.07142857142858,78.38749999999999,71.26666666666667,56.39970238095238,-41.0,144.0,158.0,186.0
2025-06-18,52.90833333333333,144.28333333333333,688.7083333333334,11.475,14.658333333333331,148.20833333333334,33.8875,50.41666666666666,971.9916666666668,4.6375,2.7916666666666665,144.0,18,6,2,135.0,176.0,165.0,85.0,49.17083333333333,104.10833333333332,81.88333333333334,28.4625,151.66666666666666,171.0,140.78571428571428,68.72916666666664,74.75892857142857,57.09345238095239,9.0,158.0,186.0,157.0
2025-06-19,68.36666666666666,179.77916666666667,555.125,12.2375,13.891666666666666,149.91666666666666,35.075,48.66666666666666,971.1708333333332,6.970833333333334,9.291666666666666,158.0,19,6,3,144.0,135.0,176.0,95.0,52.90833333333333,49.17083333333333,104.10833333333332,33.05833333333333,145.66666666666666,180.0,141.21428571428572,56.81527777777776,79.8029761904762,57.836011904761904,14.0,186.0,157.0,155.0
2025-06-20,83.0125,325.0375,416.9583333333333,13.429166666666667,13.008333333333333,142.16666666666666,34.795833333333334,53.5,973.3041666666668,8.5375,34.708333333333336,186.0,20,6,4,158.0,144.0,135.0,292.0,68.36666666666666,52.90833333333333,49.17083333333333,111.02916666666664,162.66666666666666,164.85714285714286,144.64285714285714,68.09583333333332,75.80059523809523,60.14583333333333,28.0,157.0,155.0,156.0
2025-06-21,66.90833333333333,206.625,465.6666666666667,10.7625,14.3125,131.58333333333334,33.895833333333336,60.375,973.8208333333332,9.45,45.375,157.0,21,6,5,186.0,158.0,144.0,190.0,83.0125,68.36666666666666,52.90833333333333,91.15416666666664,167.0,160.14285714285714,147.21428571428572,72.76249999999999,72.33690476190476,61.81875,-29.0,155.0,156.0,159.0
2025-06-22,63.145833333333336,152.0375,613.375,10.279166666666669,24.29583333333333,96.0,30.48333333333333,78.79166666666667,973.1958333333332,6.6375,74.75,155.0,22,6,6,157.0,186.0,158.0,165.0,66.90833333333333,83.0125,68.36666666666666,81.88333333333334,166.0,158.71428571428572,151.42857142857142,71.02222222222221,69.66011904761905,63.94940476190476,-2.0,156.0,159.0,91.0
2025-06-23,64.95833333333333,146.63750000000002,517.625,11.308333333333332,14.483333333333334,144.79166666666666,31.9375,74.75,970.6958333333332,7.195833333333333,43.75,156.0,23,6,0,155.0,157.0,186.0,176.0,63.145833333333336,66.90833333333333,83.0125,104.10833333333332,156.0,155.85714285714286,155.85714285714286,65.00416666666665,64.0672619047619,66.26934523809524,1.0,159.0,91.0,129.0
2025-06-24,70.76666666666667,188.3,514.2916666666666,10.820833333333333,14.1,144.375,32.625,71.29166666666667,970.4208333333332,7.883333333333333,21.5,159.0,24,6,1,156.0,155.0,157.0,135.0,64.95833333333333,63.145833333333336,66.90833333333333,49.17083333333333,156.66666666666666,159.28571428571428,160.92857142857142,66.29027777777776,67.15238095238095,69.2095238095238,3.0,91.0,129.0,129.0
2025-06-25,31.25,66.10833333333333,561.25,6.854166666666667,14.054166666666667,111.75,30.195833333333336,81.75,974.025,10.908333333333331,82.29166666666667,91.0,25,6,2,159.0,156.0,155.0,144.0,70.76666666666667,64.95833333333333,63.145833333333336,52.90833333333333,135.33333333333334,151.71428571428572,161.35714285714286,55.65833333333333,64.05833333333334,69.40863095238095,-68.0,129.0,129.0,153.0
2025-06-26,46.67083333333333,56.025,1041.7083333333333,11.8625,32.6875,88.875,28.20833333333333,86.83333333333333,976.5375,6.9750000000000005,97.29166666666669,129.0,26,6,3,91.0,159.0,156.0,158.0,31.25,70.76666666666667,64.95833333333333,68.36666666666666,126.33333333333331,147.57142857142858,163.78571428571428,49.56249999999998,60.958928571428565,70.38095238095238,38.0,129.0,153.0,124.0
2025-06-27,47.0625,69.45,1017.0833333333334,14.454166666666666,38.19583333333333,86.5,29.854166666666668,82.83333333333333,975.2083333333334,6.1125,65.375,129.0,27,6,4,129.0,91.0,159.0,186.0,46.67083333333333,31.25,70.76666666666667,83.0125,116.33333333333331,139.42857142857142,152.14285714285714,41.66111111111109,55.823214285714286,65.81190476190476,0.0,153.0,124.0,123.0
2025-06-28,58.60833333333333,155.9125,881.5833333333334,13.954166666666666,25.23333333333333,119.20833333333331,31.125,76.125,972.4166666666666,7.566666666666666,23.45833333333333,153.0,28,6,5,129.0,129.0,91.0,157.0,47.0625,46.67083333333333,31.25,66.90833333333333,137.0,138.85714285714286,149.5,50.78055555555553,54.6375,63.48720238095239,24.0,124.0,123.0,102.0
2025-06-29,45.02916666666667,79.14999999999999,589.5833333333334,10.370833333333334,17.595833333333335,130.45833333333334,30.191666666666663,79.41666666666667,970.0625,7.954166666666667,43.04166666666666,124.0,29,6,6,153.0,129.0,129.0,155.0,58.60833333333333,47.0625,46.67083333333333,63.145833333333336,135.33333333333334,134.42857142857142,146.57142857142858,50.23333333333331,52.04940476190476,60.8547619047619,-29.0,123.0,102.0,115.0
2025-06-30,44.425,83.55,518.2083333333334,10.154166666666669,17.879166666666666,127.66666666666669,29.2625,83.75,971.6041666666666,8.904166666666667,38.16666666666666,123.0,30,6,0,124.0,153.0,129.0,156.0,45.02916666666667,58.60833333333333,47.0625,64.95833333333333,133.33333333333334,129.71428571428572,142.78571428571428,49.35416666666665,49.11607142857142,56.59166666666668,-1.0,102.0,115.0,137.0
2025-07-01,35.979166666666664,75.65416666666667,512.0,8.479166666666666,20.570833333333333,90.83333333333331,29.09166666666667,82.58333333333333,973.6041666666666,8.7875,61.125,102.0,1,7,1,123.0,124.0,153.0,159.0,44.425,45.02916666666667,58.60833333333333,70.76666666666667,116.33333333333331,121.57142857142856,140.42857142857142,41.811111111111096,44.146428571428565,55.64940476190476,-21.0,115.0,137.0,145.0
2025-07-02,41.21666666666667,88.79583333333333,699.5416666666666,9.870833333333334,28.566666666666663,99.95833333333331,30.808333333333334,75.95833333333333,973.6375,5.7625,7.458333333333333,115.0,2,7,2,102.0,123.0,124.0,91.0,35.979166666666664,44.425,45.02916666666667,31.25,113.33333333333331,125.0,138.35714285714286,40.54027777777776,45.570238095238096,54.81428571428571,13.0,137.0,145.0,153.0
2025-07-03,50.06666666666666,116.74166666666667,679.0,10.654166666666669,23.254166666666663,106.66666666666669,30.125,79.45833333333333,974.4208333333332,6.541666666666667,20.45833333333333,137.0,3,7,3,115.0,102.0,123.0,129.0,41.21666666666667,35.979166666666664,44.425,46.67083333333333,118.0,126.14285714285714,136.85714285714286,42.42083333333331,46.05535714285715,53.50714285714285,22.0,145.0,153.0,151.0
2025-07-04,53.47916666666666,107.0875,618.25,13.395833333333334,26.6125,123.54166666666669,30.9375,78.33333333333333,973.8166666666666,7.1625000000000005,35.041666666666664,145.0,4,7,4,137.0,115.0,102.0,129.0,50.06666666666666,41.21666666666667,35.979166666666664,47.0625,132.33333333333334,128.42857142857142,133.92857142857142,48.25416666666664,46.97202380952381,51.39761904761905,8.0,153.0,151.0,139.0
2025-07-05,58.7375,122.22916666666669,672.8333333333334,11.420833333333334,21.929166666666664,129.45833333333334,31.79583333333333,76.625,971.8708333333334,7.462499999999999,92.08333333333331,153.0,5,7,5,145.0,137.0,115.0,153.0,53.47916666666666,50.06666666666666,41.21666666666667,58.60833333333333,145.0,128.42857142857142,133.64285714285714,54.09444444444443,46.990476190476194,50.813988095238095,8.0,151.0,139.0,152.0
2025-07-06,55.833333333333336,102.9875,737.7916666666666,11.358333333333334,36.55833333333333,94.79166666666669,29.1125,84.70833333333333,972.5666666666666,7.55,81.875,151.0,6,7,6,153.0,145.0,137.0,124.0,58.7375,53.47916666666666,50.06666666666666,45.02916666666667,149.66666666666666,132.28571428571428,133.35714285714286,56.01666666666665,48.533928571428575,50.29166666666667,-2.0,139.0,152.0,107.0
2025-07-07,50.98333333333333,111.8625,884.9166666666666,11.0875,25.304166666666664,105.58333333333331,29.320833333333336,83.70833333333333,973.425,5.325,96.04166666666669,139.0,7,7,0,151.0,153.0,145.0,123.0,55.833333333333336,58.7375,53.47916666666666,44.425,147.66666666666666,134.57142857142858,132.14285714285714,55.184722222222206,49.47083333333334,49.29345238095238,-12.0,152.0,107.0,95.0
2025-07-08,57.333333333333336,75.49166666666666,896.9583333333334,12.9875,42.175,91.29166666666669,29.2375,83.08333333333333,973.7416666666668,4.4,93.125,152.0,8,7,1,139.0,151.0,153.0,102.0,50.98333333333333,55.833333333333336,58.7375,35.979166666666664,147.33333333333334,141.71428571428572,131.64285714285714,54.71666666666665,52.521428571428565,48.333928571428565,13.0,107.0,95.0,159.0
2025-07-09,38.10833333333333,63.47916666666666,605.4583333333334,9.7,22.475,106.5,28.6375,84.41666666666667,974.8125,5.808333333333334,94.04166666666669,107.0,9,7,2,152.0,139.0,151.0,115.0,57.333333333333336,50.98333333333333,55.833333333333336,41.21666666666667,132.66666666666666,140.57142857142858,132.78571428571428,48.80833333333331,52.07738095238095,48.82380952380952,-45.0,95.0,159.0,160.0
2025-07-10,33.1875,42.5625,482.4166666666667,7.391666666666667,24.5875,76.41666666666667,27.054166666666664,87.75,976.3416666666668,7.791666666666667,50.375,95.0,10,7,3,107.0,152.0,139.0,137.0,38.10833333333333,57.333333333333336,50.98333333333333,50.06666666666666,118.0,134.57142857142858,130.35714285714286,42.87638888888887,49.66607142857144,47.86071428571428,-12.0,159.0,160.0,134.0
2025-07-11,70.05,79.47500000000001,972.5416666666666,16.083333333333332,54.82916666666667,85.75,29.53333333333333,75.0,976.2083333333334,4.6000000000000005,24.375,159.0,11,7,4,95.0,107.0,152.0,145.0,33.1875,38.10833333333333,57.333333333333336,53.47916666666666,120.33333333333331,136.57142857142858,132.5,47.11527777777776,52.03333333333334,49.50267857142857,64.0,160.0,134.0,102.0
2025-07-12,72.28333333333333,155.15,794.8333333333334,14.6875,37.5125,117.875,30.195833333333336,75.25,976.4875,3.2916666666666665,50.125,160.0,12,7,5,159.0,95.0,107.0,153.0,70.05,33.1875,38.10833333333333,58.7375,138.0,137.57142857142858,133.0,58.50694444444443,53.96845238095239,50.479464285714286,1.0,134.0,102.0,101.0
2025-07-13,48.92916666666667,54.0375,1699.75,11.320833333333333,37.84583333333333,72.54166666666667,29.7,79.29166666666667,976.5458333333332,5.008333333333334,83.83333333333333,134.0,13,7,6,160.0,159.0,95.0,151.0,72.28333333333333,70.05,33.1875,55.833333333333336,151.0,135.14285714285714,133.71428571428572,63.754166666666656,52.98214285714285,50.75803571428572,-26.0,102.0,101.0,103.0
2025-07-14,36.075,37.85833333333333,1618.625,7.666666666666667,27.96666666666667,80.58333333333333,28.65,80.08333333333333,975.5041666666666,6.166666666666667,88.79166666666667,102.0,14,7,0,134.0,160.0,159.0,139.0,48.92916666666667,72.28333333333333,70.05,50.98333333333333,132.0,129.85714285714286,132.21428571428572,52.429166666666646,50.85238095238096,50.161607142857136,-32.0,101.0,103.0,151.0
2025-07-15,35.6375,39.95,586.75,8.016666666666667,21.15833333333333,95.41666666666669,27.666666666666668,87.29166666666667,974.1625,10.416666666666666,90.04166666666667,101.0,15,7,1,102.0,134.0,160.0,152.0,36.075,48.92916666666667,72.28333333333333,57.333333333333336,112.33333333333331,122.57142857142856,132.14285714285714,40.21388888888887,47.7529761904762,50.13720238095238,-1.0,103.0,151.0,162.0
2025-07-16,36.49583333333333,45.75833333333333,502.5,7.291666666666667,19.254166666666663,93.375,28.129166666666663,85.20833333333333,973.8166666666666,14.15,83.375,103.0,16,7,2,101.0,102.0,134.0,107.0,35.6375,36.075,48.92916666666667,38.10833333333333,102.0,122.0,131.28571428571428,36.06944444444442,47.522619047619045,49.8,2.0,151.0,162.0,158.0
2025-07-17,55.87083333333334,89.4375,858.375,10.616666666666667,22.52083333333333,99.0,28.6,86.375,977.075,8.104166666666666,80.91666666666667,151.0,17,7,3,103.0,101.0,102.0,95.0,36.49583333333333,35.6375,36.075,33.1875,118.33333333333331,130.0,132.28571428571428,42.66805555555553,50.76309523809524,50.21458333333334,48.0,162.0,158.0,158.0
2025-07-18,77.38333333333334,93.325,2473.7916666666665,16.979166666666668,56.17916666666667,88.66666666666667,29.3625,82.0,976.7208333333332,3.883333333333333,73.45833333333333,162.0,18,7,4,151.0,103.0,101.0,159.0,55.87083333333334,36.49583333333333,35.6375,70.05,138.66666666666666,130.42857142857142,133.5,56.583333333333314,51.81071428571429,51.92202380952381,11.0,158.0,158.0,104.0
2025-07-19,70.02083333333333,216.3083333333333,1033.5416666666667,9.2125,31.141666666666666,101.25,30.90833333333333,75.33333333333333,973.4541666666668,5.375,5.958333333333333,158.0,19,7,5,162.0,151.0,103.0,160.0,77.38333333333334,55.87083333333334,36.49583333333333,72.28333333333333,157.0,130.14285714285714,133.85714285714286,67.75833333333331,51.4875,52.72797619047618,-4.0,158.0,104.0,139.0
2025-07-20,68.14166666666667,238.65,812.625,9.629166666666666,32.045833333333334,92.125,30.73333333333333,75.95833333333333,973.0166666666668,5.1375,53.0,158.0,20,7,6,158.0,162.0,151.0,134.0,70.02083333333333,77.38333333333334,55.87083333333334,48.92916666666667,159.33333333333334,133.57142857142858,134.35714285714286,71.8486111111111,54.23214285714285,53.60714285714285,0.0,104.0,139.0,127.0
2025-07-21,36.68333333333333,63.09583333333333,541.3333333333334,9.7875,20.070833333333333,83.29166666666667,29.48333333333333,79.08333333333333,975.2,8.583333333333334,98.16666666666669,104.0,21,7,0,158.0,158.0,162.0,102.0,68.14166666666667,70.02083333333333,77.38333333333334,36.075,140.0,133.85714285714286,131.85714285714286,58.28194444444443,54.319047619047616,52.58571428571428,-54.0,139.0,127.0,142.0
2025-07-22,50.75833333333333,64.4875,590.9166666666666,8.466666666666667,23.92916666666667,96.5,28.79583333333333,85.16666666666667,973.3833333333332,7.333333333333333,52.29166666666666,139.0,22,7,1,104.0,158.0,158.0,101.0,36.68333333333333,68.14166666666667,70.02083333333333,35.6375,133.66666666666666,139.28571428571428,130.92857142857142,51.861111111111086,56.47916666666666,52.11607142857143,35.0,127.0,142.0,158.0
2025-07-23,46.13333333333333,82.9375,1181.125,8.629166666666666,32.1375,89.54166666666667,28.241666666666664,86.45833333333333,970.8083333333334,6.3500000000000005,77.25,127.0,23,7,2,139.0,104.0,158.0,103.0,50.75833333333333,36.68333333333333,68.14166666666667,36.49583333333333,123.33333333333331,142.71428571428572,132.35714285714286,44.52499999999998,57.85595238095238,52.68928571428571,-12.0,142.0,158.0,156.0
2025-07-24,52.05416666666667,77.95416666666667,1558.2916666666667,13.404166666666669,48.05416666666667,69.91666666666667,28.241666666666664,86.375,970.775,4.691666666666666,71.75,142.0,24,7,3,127.0,139.0,104.0,151.0,46.13333333333333,50.75833333333333,36.68333333333333,55.87083333333334,136.0,141.42857142857142,135.71428571428572,49.64861111111109,57.31071428571428,54.03690476190476,15.0,158.0,156.0,157.0
2025-07-25,68.65416666666667,100.25,1566.125,12.945833333333333,58.86666666666667,78.08333333333333,29.391666666666666,81.5,970.7583333333332,2.2666666666666666,55.125,158.0,25,7,4,142.0,127.0,139.0,162.0,52.05416666666667,46.13333333333333,50.75833333333333,77.38333333333334,142.33333333333334,140.85714285714286,135.64285714285714,55.61388888888887,56.06369047619047,53.93720238095239,16.0,156.0,157.0,159.0
2025-07-26,65.96666666666667,77.47916666666667,1471.7083333333333,11.3,57.45416666666667,96.08333333333331,31.2625,78.66666666666667,971.675,3.0041666666666664,55.375,156.0,26,7,5,158.0,142.0,127.0,158.0,68.65416666666667,52.05416666666667,46.13333333333333,70.02083333333333,152.0,140.57142857142858,135.35714285714286,62.22499999999999,55.48452380952381,53.4860119047619,-2.0,157.0,159.0,125.0
2025-07-27,67.64583333333333,77.77083333333333,918.875,13.441666666666668,53.79166666666666,104.625,31.78333333333333,76.875,971.3375,4.008333333333334,41.29166666666666,157.0,27,7,6,156.0,158.0,142.0,158.0,65.96666666666667,68.65416666666667,52.05416666666667,68.14166666666667,157.0,140.42857142857142,137.0,67.4222222222222,55.41369047619048,54.82291666666666,1.0,159.0,125.0,140.0
2025-07-28,70.675,99.18333333333334,1090.4166666666667,11.095833333333331,33.80416666666667,116.375,31.6,77.125,971.1458333333334,5.454166666666667,39.708333333333336,159.0,28,7,0,157.0,156.0,158.0,104.0,67.64583333333333,65.96666666666667,68.65416666666667,36.68333333333333,157.33333333333334,148.28571428571428,141.07142857142858,68.09583333333332,60.269642857142856,57.29434523809524,2.0,125.0,140.0,105.0
2025-07-29,45.19166666666666,116.52916666666664,550.5833333333334,6.9625,15.454166666666666,113.125,29.829166666666666,84.91666666666667,971.7208333333332,9.8125,80.04166666666667,125.0,29,7,1,159.0,157.0,156.0,139.0,70.675,67.64583333333333,65.96666666666667,50.75833333333333,147.0,146.28571428571428,142.78571428571428,61.17083333333331,59.47440476190476,57.97678571428571,-34.0,140.0,105.0,130.0
2025-07-30,51.31666666666666,88.75416666666666,576.1666666666666,9.991666666666667,25.445833333333336,94.95833333333331,28.92083333333333,84.66666666666667,973.8,9.025,45.083333333333336,140.0,30,7,2,125.0,159.0,157.0,127.0,45.19166666666666,70.675,67.64583333333333,46.13333333333333,141.33333333333334,148.14285714285714,145.42857142857142,55.72777777777776,60.21488095238095,59.03541666666667,15.0,105.0,130.0,144.0
2025-07-31,37.020833333333336,39.145833333333336,585.75,12.158333333333331,20.2,74.20833333333333,28.254166666666663,85.83333333333333,974.15,8.916666666666666,81.20833333333333,105.0,31,7,3,140.0,125.0,159.0,142.0,51.31666666666666,45.19166666666666,70.675,52.05416666666667,123.33333333333331,142.85714285714286,142.14285714285714,44.5097222222222,58.06726190476191,57.68898809523809,-35.0,130.0,144.0,156.0
2025-08-01,47.25416666666666,47.725,1181.375,11.691666666666668,29.27083333333333,61.958333333333336,27.3375,92.66666666666669,974.6958333333332,6.4750000000000005,99.875,130.0,1,8,4,105.0,140.0,125.0,158.0,37.020833333333336,51.31666666666666,45.19166666666666,68.65416666666667,125.0,138.85714285714286,139.85714285714286,45.1972222222222,55.01011904761905,55.53690476190476,25.0,144.0,156.0,132.0
2025-08-02,53.1375,54.3375,803.7083333333334,10.541666666666666,49.68333333333334,79.25,29.116666666666664,84.41666666666667,975.0666666666666,4.570833333333334,45.54166666666666,144.0,2,8,5,130.0,105.0,140.0,156.0,47.25416666666666,37.020833333333336,51.31666666666666,65.96666666666667,126.33333333333331,137.14285714285714,138.85714285714286,45.804166666666646,53.17738095238095,54.33095238095238,14.0,156.0,132.0,138.0
2025-08-03,65.71249999999999,100.39166666666668,744.0416666666666,12.416666666666666,33.041666666666664,120.91666666666669,30.195833333333336,81.08333333333333,975.9833333333332,4.7375,38.54166666666666,156.0,3,8,6,144.0,130.0,105.0,157.0,53.1375,47.25416666666666,37.020833333333336,67.64583333333333,143.33333333333334,137.0,138.71428571428572,55.36805555555552,52.90119047619047,54.15744047619047,12.0,132.0,138.0,157.0
2025-08-04,48.07916666666667,91.8,729.3333333333334,8.558333333333334,21.1,113.04166666666669,30.6125,77.0,976.2666666666668,6.620833333333334,44.91666666666666,132.0,4,8,0,156.0,144.0,130.0,159.0,65.71249999999999,53.1375,47.25416666666666,70.675,144.0,133.14285714285714,140.71428571428572,55.64305555555553,49.67321428571428,54.971428571428575,-24.0,138.0,157.0,156.0
2025-08-05,50.7,118.65,537.2083333333334,8.420833333333333,16.979166666666668,98.58333333333331,29.5,79.70833333333333,976.5458333333332,8.066666666666666,36.0,138.0,5,8,1,132.0,156.0,144.0,125.0,48.07916666666667,65.71249999999999,53.1375,45.19166666666666,142.0,135.0,140.64285714285714,54.83055555555554,50.460119047619045,54.96726190476191,6.0,157.0,156.0,140.0
2025-08-06,67.01666666666667,146.60833333333332,731.7916666666666,9.9875,30.325,92.5,29.0,80.41666666666667,977.4958333333334,5.25,12.625,157.0,6,8,2,138.0,132.0,156.0,140.0,50.7,48.07916666666667,65.71249999999999,51.31666666666666,142.33333333333334,137.42857142857142,142.78571428571428,55.26527777777776,52.70297619047619,56.458928571428565,19.0,156.0,140.0,157.0
2025-08-07,64.72500000000001,133.8125,633.9166666666666,11.145833333333334,36.7625,95.75,30.075,78.125,976.5291666666668,5.533333333333334,11.875,156.0,7,8,3,157.0,138.0,132.0,105.0,67.01666666666667,50.7,48.07916666666667,37.020833333333336,150.33333333333334,144.71428571428572,143.78571428571428,60.81388888888887,56.660714285714285,57.36398809523809,-1.0,140.0,157.0,150.0
2025-08-08,51.47083333333333,91.66666666666669,666.7083333333334,11.0,28.2375,101.25,31.104166666666668,71.91666666666667,977.9041666666668,6.270833333333333,31.08333333333333,140.0,8,8,4,156.0,157.0,138.0,130.0,64.72500000000001,67.01666666666667,50.7,47.25416666666666,151.0,146.14285714285714,142.5,61.07083333333332,57.26309523809523,56.13660714285714,-16.0,157.0,150.0,122.0
2025-08-09,66.77916666666667,143.91666666666666,828.8333333333334,12.441666666666668,34.50833333333333,100.875,30.1,79.29166666666667,979.5375,4.6875,21.83333333333333,157.0,9,8,5,140.0,156.0,157.0,144.0,51.47083333333333,64.72500000000001,67.01666666666667,53.1375,151.0,148.0,142.57142857142858,60.99166666666665,59.21190476190476,56.19464285714285,17.0,150.0,122.0,147.0
2025-08-10,55.3375,110.02916666666664,865.5416666666666,12.545833333333334,34.85,96.625,31.633333333333336,72.25,977.8583333333332,3.045833333333333,29.791666666666668,150.0,10,8,6,157.0,140.0,156.0,156.0,66.77916666666667,51.47083333333333,64.72500000000001,65.71249999999999,149.0,147.14285714285714,142.07142857142858,57.86249999999998,57.72976190476191,55.31547619047619,-7.0,122.0,147.0,154.0
2025-08-11,43.86666666666667,101.55416666666667,522.0,9.866666666666667,19.775,86.375,32.625,65.125,975.6625,7.154166666666666,95.41666666666669,122.0,11,8,0,150.0,157.0,140.0,132.0,55.3375,66.77916666666667,51.47083333333333,48.07916666666667,143.0,145.71428571428572,139.42857142857142,55.32777777777776,57.1279761904762,53.40059523809523,-28.0,147.0,154.0,131.0
2025-08-12,54.35416666666666,142.7875,1072.625,9.9125,21.77083333333333,78.45833333333333,28.09166666666667,87.79166666666667,976.1416666666668,5.608333333333333,95.25,147.0,12,8,1,122.0,150.0,157.0,138.0,43.86666666666667,55.3375,66.77916666666667,50.7,139.66666666666666,147.0,141.0,51.186111111111096,57.64999999999999,54.055059523809526,25.0,154.0,131.0,55.0
2025-08-13,61.57916666666667,123.5625,669.6666666666666,12.283333333333331,23.120833333333334,89.79166666666667,31.375,72.75,975.6,4.208333333333333,92.70833333333331,154.0,13,8,2,147.0,122.0,150.0,157.0,54.35416666666666,43.86666666666667,55.3375,67.01666666666667,141.0,146.57142857142858,142.0,53.26666666666665,56.87321428571429,54.78809523809524,7.0,131.0,55.0,156.0
2025-08-14,47.8125,75.45416666666667,694.6666666666666,11.6875,38.79583333333333,52.0,27.6875,89.91666666666667,978.9208333333332,6.608333333333333,100.0,131.0,14,8,3,154.0,147.0,122.0,156.0,61.57916666666667,54.35416666666666,43.86666666666667,64.72500000000001,144.0,143.0,143.85714285714286,54.58194444444442,54.45714285714286,55.558928571428574,-23.0,55.0,156.0,101.0
2025-08-15,55.44166666666666,63.47083333333333,864.4166666666666,12.866666666666667,34.37083333333333,91.875,29.1625,81.70833333333333,977.3666666666668,3.683333333333333,89.79166666666667,55.0,15,8,4,131.0,154.0,147.0,140.0,47.8125,61.57916666666667,54.35416666666666,51.47083333333333,113.33333333333331,130.85714285714286,138.5,54.94444444444443,55.02440476190476,56.14375,-76.0,156.0,101.0,139.0
2025-08-16,64.25416666666666,71.15416666666667,937.0,9.55,28.754166666666663,104.70833333333331,30.183333333333334,80.45833333333333,976.1375,5.875,31.33333333333333,156.0,16,8,5,55.0,131.0,154.0,157.0,55.44166666666666,47.8125,61.57916666666667,66.77916666666667,114.0,130.71428571428572,139.35714285714286,55.83611111111109,54.66369047619048,56.93779761904762,101.0,101.0,139.0,133.0
2025-08-17,35.50416666666667,37.19166666666667,585.0,7.558333333333334,18.741666666666667,90.375,29.73333333333333,81.29166666666667,977.8333333333334,8.629166666666666,90.625,101.0,17,8,6,156.0,55.0,131.0,150.0,64.25416666666666,55.44166666666666,47.8125,55.3375,104.0,123.71428571428572,135.42857142857142,51.73333333333331,51.830357142857146,54.78005952380953,-55.0,139.0,133.0,107.0
2025-08-18,50.75416666666666,51.80416666666667,695.8333333333334,12.079166666666666,29.6125,67.375,27.879166666666663,88.08333333333333,979.6208333333334,8.133333333333333,71.58333333333333,139.0,18,8,0,101.0,156.0,55.0,122.0,35.50416666666667,64.25416666666666,55.44166666666666,43.86666666666667,132.0,126.14285714285714,135.92857142857142,50.17083333333331,52.81428571428571,54.97113095238095,38.0,133.0,107.0,140.0
2025-08-19,48.32916666666667,50.60833333333333,662.75,10.820833333333333,37.425,83.16666666666667,29.95,77.75,978.1416666666668,5.3500000000000005,39.91666666666666,133.0,19,8,1,139.0,101.0,156.0,147.0,50.75416666666666,35.50416666666667,64.25416666666666,54.35416666666666,124.33333333333331,124.14285714285714,135.57142857142858,44.86249999999998,51.95357142857143,54.801785714285714,-6.0,107.0,140.0,141.0
2025-08-20,38.10416666666666,46.23333333333333,723.125,8.8375,33.454166666666666,85.04166666666667,28.204166666666666,82.83333333333333,978.0291666666668,6.2875000000000005,15.208333333333334,107.0,20,8,2,133.0,139.0,101.0,154.0,48.32916666666667,50.75416666666666,35.50416666666667,61.57916666666667,126.33333333333331,117.42857142857144,132.0,45.72916666666665,48.6,52.736607142857146,-26.0,140.0,141.0,94.0
2025-08-21,51.36666666666667,54.8875,919.8333333333334,14.695833333333333,47.07916666666667,103.79166666666669,29.829166666666666,78.125,977.2333333333332,4.041666666666667,5.833333333333333,140.0,21,8,3,107.0,133.0,139.0,131.0,38.10416666666666,48.32916666666667,50.75416666666666,47.8125,126.66666666666669,118.71428571428572,130.85714285714286,45.93333333333332,49.1077380952381,51.78244047619047,33.0,141.0,94.0,80.0
2025-08-22,51.77916666666667,54.88333333333333,941.2916666666666,13.041666666666666,34.5625,109.83333333333331,30.47083333333333,77.08333333333333,974.1375,3.6291666666666655,12.291666666666666,141.0,22,8,4,140.0,107.0,133.0,55.0,51.36666666666667,38.10416666666666,48.32916666666667,55.44166666666666,129.33333333333334,131.0,130.92857142857142,47.083333333333314,48.58452380952381,51.80446428571429,1.0,94.0,80.0,63.0
2025-08-23,32.583333333333336,35.237500000000004,587.0833333333334,8.245833333333334,20.366666666666667,88.79166666666667,28.866666666666664,85.45833333333333,974.875,7.833333333333333,66.33333333333333,94.0,23,8,5,141.0,140.0,107.0,156.0,51.77916666666667,51.36666666666667,38.10416666666666,64.25416666666666,125.0,122.14285714285714,126.42857142857144,45.24305555555554,44.06011904761905,49.36190476190477,-47.0,80.0,63.0,72.0
2025-08-24,25.92083333333333,26.870833333333334,907.375,11.720833333333331,30.15416666666667,55.75,26.6125,87.54166666666667,977.2708333333334,6.579166666666667,99.45833333333331,80.0,24,8,6,94.0,141.0,140.0,101.0,32.583333333333336,51.77916666666667,51.36666666666667,35.50416666666667,105.0,119.14285714285714,121.42857142857144,36.76111111111109,42.69107142857143,47.26071428571429,-14.0,63.0,72.0,118.0
2025-08-25,17.929166666666667,17.9375,584.625,3.925,19.554166666666667,48.583333333333336,24.104166666666668,94.25,976.7916666666666,10.979166666666666,99.58333333333331,63.0,25,8,0,80.0,94.0,141.0,139.0,25.92083333333333,32.583333333333336,51.77916666666667,50.75416666666666,79.0,108.28571428571428,117.21428571428572,25.47777777777776,38.00178571428571,45.40803571428573,-17.0,72.0,118.0,125.0
2025-08-26,22.1625,22.53333333333333,538.7916666666666,5.566666666666666,21.15833333333333,67.0,26.0875,90.45833333333331,977.3666666666668,9.1375,95.20833333333331,72.0,26,8,1,63.0,80.0,94.0,133.0,17.929166666666667,25.92083333333333,32.583333333333336,48.32916666666667,71.66666666666667,99.57142857142856,111.85714285714286,22.00416666666665,34.26369047619048,43.10863095238095,9.0,118.0,125.0,94.0
2025-08-27,42.55833333333333,43.145833333333336,878.1666666666666,8.533333333333333,34.729166666666664,78.95833333333333,27.820833333333336,86.79166666666667,977.6458333333334,6.916666666666667,35.375,118.0,27,8,2,72.0,63.0,80.0,107.0,22.1625,17.929166666666667,25.92083333333333,38.10416666666666,84.33333333333333,101.14285714285714,109.28571428571428,27.54999999999998,34.9,41.75,46.0,125.0,94.0,109.0
2025-08-28,45.270833333333336,46.00416666666666,811.5833333333334,9.4625,29.120833333333334,95.375,29.25833333333333,83.29166666666667,976.7166666666668,5.545833333333333,28.541666666666668,125.0,28,8,3,118.0,72.0,63.0,140.0,42.55833333333333,22.1625,17.929166666666667,51.36666666666667,105.0,99.0,108.85714285714286,36.66388888888887,34.02916666666666,41.56845238095239,7.0,94.0,109.0,98.0
2025-08-29,32.354166666666664,32.645833333333336,523.625,7.279166666666666,20.0625,89.0,28.191666666666663,87.625,978.3541666666666,8.591666666666667,70.75,94.0,29,8,4,125.0,118.0,72.0,141.0,45.270833333333336,42.55833333333333,22.1625,51.77916666666667,112.33333333333331,92.28571428571428,111.64285714285714,40.06111111111109,31.25416666666667,39.91934523809524,-31.0,109.0,98.0,66.0
2025-08-30,38.69166666666667,38.97083333333333,729.2083333333334,10.729166666666666,31.4375,62.91666666666666,26.633333333333336,91.20833333333331,980.1041666666666,8.166666666666666,99.79166666666669,109.0,30,8,5,94.0,125.0,118.0,94.0,32.354166666666664,45.270833333333336,42.55833333333333,32.583333333333336,109.33333333333331,94.42857142857144,108.28571428571428,38.77222222222221,32.12678571428572,38.09345238095238,15.0,98.0,66.0,73.0
2025-08-31,34.391666666666666,34.49166666666667,644.0833333333334,10.5625,22.566666666666663,69.04166666666667,25.08333333333333,94.33333333333331,977.5375,8.583333333333334,86.625,98.0,31,8,6,109.0,94.0,125.0,80.0,38.69166666666667,32.354166666666664,45.270833333333336,25.92083333333333,100.33333333333331,97.0,108.07142857142856,35.145833333333314,33.33690476190476,38.0139880952381,-11.0,66.0,73.0,79.0
2025-09-01,19.154166666666665,19.204166666666666,497.375,9.166666666666666,12.970833333333331,93.08333333333331,25.6,86.58333333333333,975.4416666666666,11.8125,77.70833333333333,66.0,1,9,0,98.0,109.0,94.0,63.0,34.391666666666666,38.69166666666667,32.354166666666664,17.929166666666667,91.0,97.42857142857144,102.85714285714286,30.745833333333312,33.511904761904766,35.75684523809524,-32.0,73.0,79.0,85.0
2025-09-02,22.72083333333333,22.820833333333336,483.9166666666667,8.429166666666667,17.708333333333332,63.66666666666666,25.1125,85.79166666666667,977.3208333333332,10.575,70.79166666666667,73.0,2,9,1,66.0,98.0,109.0,72.0,19.154166666666665,34.391666666666666,38.69166666666667,22.1625,79.0,97.57142857142856,98.57142857142856,25.422222222222203,33.59166666666666,33.92767857142857,7.0,79.0,85.0,117.0
2025-09-03,25.375,25.58333333333333,613.9583333333334,8.433333333333334,26.90833333333333,58.083333333333336,25.29583333333333,87.58333333333333,979.2875,7.954166666666667,48.29166666666666,79.0,3,9,2,73.0,66.0,98.0,118.0,22.72083333333333,19.154166666666665,34.391666666666666,42.55833333333333,72.66666666666667,92.0,96.57142857142856,22.416666666666647,31.13690476190476,33.01845238095238,6.0,85.0,117.0,132.0
2025-09-04,28.425,28.991666666666664,1138.9583333333333,9.741666666666664,34.666666666666664,53.91666666666666,26.825,85.83333333333333,980.5375,6.208333333333333,20.375,85.0,4,9,3,79.0,73.0,66.0,125.0,25.375,22.72083333333333,19.154166666666665,45.270833333333336,79.0,86.28571428571429,92.64285714285714,25.506944444444425,28.730357142857144,31.379761904761903,6.0,117.0,132.0,103.0
2025-09-05,41.94166666666667,42.90833333333333,1729.25,13.325,64.62083333333334,79.33333333333333,28.883333333333336,78.0,980.4375,2.65,43.41666666666666,117.0,5,9,4,85.0,79.0,73.0,94.0,28.425,25.375,22.72083333333333,32.354166666666664,93.66666666666669,89.57142857142857,90.92857142857144,31.913888888888877,30.1,30.677083333333336,32.0,132.0,103.0,90.0
2025-09-06,48.05416666666667,49.208333333333336,1151.4583333333333,14.679166666666667,52.5625,80.125,28.85833333333333,80.25,980.6041666666666,4.691666666666666,75.25,132.0,6,9,5,117.0,85.0,79.0,109.0,41.94166666666667,28.425,25.375,38.69166666666667,111.33333333333331,92.85714285714286,93.64285714285714,39.47361111111109,31.4375,31.78214285714285,15.0,103.0,90.0,123.0
2025-09-07,36.48333333333333,37.05833333333333,1110.5416666666667,9.758333333333333,33.00833333333333,65.75,27.4875,86.70833333333333,979.9291666666668,5.45,87.91666666666667,103.0,7,9,6,132.0,117.0,85.0,98.0,48.05416666666667,41.94166666666667,28.425,34.391666666666666,117.33333333333331,93.57142857142856,95.28571428571428,42.15972222222221,31.736309523809524,32.53660714285714,-29.0,90.0,123.0,80.0
2025-09-08,30.8,30.96666666666667,1680.75,7.45,33.45,69.29166666666667,26.40416666666667,90.33333333333331,981.1333333333332,5.241666666666666,65.70833333333333,90.0,8,9,0,103.0,132.0,117.0,66.0,36.48333333333333,48.05416666666667,41.94166666666667,19.154166666666665,108.33333333333331,97.0,97.21428571428572,38.44583333333331,33.4,33.45595238095238,-13.0,123.0,80.0,106.0
2025-09-09,44.395833333333336,44.71666666666667,1248.1666666666667,13.25,39.37916666666667,92.125,28.5625,82.41666666666667,981.9375,4.2125,12.083333333333334,123.0,9,9,1,90.0,103.0,132.0,73.0,30.8,36.48333333333333,48.05416666666667,22.72083333333333,105.33333333333331,104.14285714285714,100.85714285714286,37.22638888888887,36.496428571428574,35.04404761904762,33.0,80.0,106.0,110.0
2025-09-10,26.058333333333334,31.725,818.75,8.916666666666666,24.245833333333334,76.29166666666667,28.79583333333333,77.58333333333333,980.2666666666668,7.695833333333333,3.583333333333333,80.0,10,9,2,123.0,90.0,103.0,79.0,44.395833333333336,30.8,36.48333333333333,25.375,97.66666666666669,104.28571428571428,98.14285714285714,33.75138888888888,36.59404761904762,33.865476190476194,-43.0,106.0,110.0,115.0
2025-09-11,37.59166666666666,47.395833333333336,963.9583333333334,11.179166666666667,37.391666666666666,68.33333333333333,28.541666666666668,79.45833333333333,979.7333333333332,5.279166666666667,3.7916666666666665,106.0,11,9,3,80.0,123.0,90.0,85.0,26.058333333333334,44.395833333333336,30.8,28.425,103.0,107.28571428571428,96.78571428571428,36.01527777777776,37.90357142857143,33.316964285714285,26.0,110.0,115.0,102.0
2025-09-12,39.09583333333333,47.2375,1085.5833333333333,10.9875,45.475,58.79166666666666,29.02916666666667,77.66666666666667,981.075,4.616666666666666,4.625,110.0,12,9,4,106.0,80.0,123.0,117.0,37.59166666666666,26.058333333333334,44.395833333333336,41.94166666666667,98.66666666666669,106.28571428571428,97.92857142857144,34.24861111111109,37.4970238095238,33.7985119047619,4.0,115.0,102.0,99.0
2025-09-13,41.30416666666667,47.40416666666667,1045.0833333333333,12.345833333333331,51.925,65.41666666666667,29.629166666666663,75.41666666666667,981.1291666666666,3.1875,3.4166666666666665,115.0,13,9,5,110.0,106.0,80.0,132.0,39.09583333333333,37.59166666666666,26.058333333333334,48.05416666666667,110.33333333333331,103.85714285714286,98.35714285714286,39.33055555555553,36.532738095238095,33.985119047619044,5.0,102.0,99.0,120.0
2025-09-14,35.86666666666667,41.975,1072.625,11.5625,51.36666666666667,66.58333333333333,30.1625,71.66666666666667,980.3708333333334,3.2625,4.791666666666667,102.0,14,9,6,115.0,110.0,106.0,103.0,41.30416666666667,39.09583333333333,37.59166666666666,36.48333333333333,109.0,103.71428571428572,98.64285714285714,38.75555555555554,36.44464285714286,34.09047619047619,-13.0,99.0,120.0,135.0
2025-09-15,34.92916666666667,42.28333333333333,910.5833333333334,11.170833333333334,39.954166666666666,83.0,30.304166666666664,72.5,978.3875,5.045833333333333,12.583333333333334,99.0,15,9,0,102.0,115.0,110.0,90.0,35.86666666666667,41.30416666666667,39.09583333333333,30.8,105.33333333333331,105.0,101.0,37.366666666666646,37.03452380952381,35.217261904761905,-3.0,120.0,135.0,132.0
2025-09-16,43.225,60.80833333333334,828.9583333333334,11.245833333333332,40.72083333333333,85.625,29.929166666666664,72.04166666666667,979.3041666666668,5.483333333333333,8.083333333333334,120.0,16,9,1,99.0,102.0,115.0,123.0,34.92916666666667,35.86666666666667,41.30416666666667,44.395833333333336,107.0,104.57142857142856,104.35714285714286,38.00694444444442,36.867261904761904,36.68184523809524,21.0,135.0,132.0,143.0
2025-09-17,49.45416666666667,72.50416666666666,696.3333333333334,14.220833333333331,43.80416666666667,97.20833333333331,30.96666666666667,66.04166666666667,979.6375,4.1875,5.0,135.0,17,9,2,120.0,99.0,102.0,80.0,43.225,34.92916666666667,35.86666666666667,26.058333333333334,118.0,112.42857142857144,108.35714285714286,42.5361111111111,40.209523809523816,38.40178571428572,15.0,132.0,143.0,153.0
2025-09-18,48.275,66.9875,728.3333333333334,11.625,32.975,98.20833333333331,30.883333333333336,64.04166666666667,979.9125,4.970833333333333,16.875,132.0,18,9,3,135.0,120.0,99.0,106.0,49.45416666666667,43.225,34.92916666666667,37.59166666666666,129.0,116.14285714285714,111.71428571428572,46.9847222222222,41.73571428571428,39.81964285714286,-3.0,143.0,153.0,156.0
2025-09-19,52.42916666666667,68.375,917.375,14.629166666666668,45.90416666666667,90.20833333333331,29.9375,66.41666666666667,981.0333333333332,3.6375,15.541666666666666,143.0,19,9,4,132.0,135.0,120.0,110.0,48.275,49.45416666666667,43.225,39.09583333333333,136.66666666666666,120.85714285714286,113.57142857142856,50.05277777777776,43.64047619047619,40.56875,11.0,153.0,156.0,121.0
2025-09-20,58.44166666666666,73.30416666666666,1010.5416666666666,17.462500000000002,58.55,85.125,31.4625,56.66666666666666,980.3125,4.466666666666667,4.875,153.0,20,9,5,143.0,132.0,135.0,115.0,52.42916666666667,48.275,49.45416666666667,41.30416666666667,142.66666666666666,126.28571428571428,115.07142857142856,53.048611111111086,46.08869047619048,41.31071428571429,10.0,156.0,121.0,43.0
2025-09-21,65.39166666666667,85.79166666666667,738.5,18.366666666666667,65.24166666666666,88.66666666666667,32.0875,55.958333333333336,979.3083333333334,4.516666666666667,3.1666666666666665,156.0,21,9,6,153.0,143.0,132.0,102.0,58.44166666666666,52.42916666666667,48.275,35.86666666666667,150.66666666666666,134.0,118.85714285714286,58.75416666666664,50.30654761904761,43.37559523809524,3.0,121.0,43.0,111.0
2025-09-22,43.5,54.083333333333336,618.75,14.158333333333331,57.79166666666666,75.41666666666667,32.458333333333336,50.083333333333336,979.9875,6.208333333333333,1.7916666666666667,121.0,22,9,0,156.0,153.0,143.0,99.0,65.39166666666667,58.44166666666666,52.42916666666667,34.92916666666667,143.33333333333334,137.14285714285714,121.07142857142856,55.77777777777775,51.53095238095238,44.28273809523809,-35.0,43.0,111.0,122.0
2025-09-23,35.458333333333336,45.91666666666666,690.6666666666666,12.595833333333331,51.56666666666666,79.375,32.208333333333336,48.75,979.4375,5.995833333333334,0.0416666666666666,43.0,23,9,1,121.0,156.0,153.0,120.0,43.5,65.39166666666667,58.44166666666666,43.225,106.66666666666669,126.14285714285714,115.35714285714286,48.116666666666646,50.42142857142857,43.64434523809524,-78.0,111.0,122.0,115.0
2025-09-24,39.579166666666666,50.5375,657.2083333333334,13.570833333333333,51.49166666666667,77.08333333333333,31.73333333333333,54.083333333333336,978.1708333333332,5.3875,0.4583333333333333,111.0,24,9,2,43.0,121.0,156.0,135.0,35.458333333333336,43.5,65.39166666666667,49.45416666666667,91.66666666666669,122.71428571428572,117.57142857142856,39.51249999999999,49.010714285714286,44.61011904761904,68.0,122.0,115.0,129.0
2025-09-25,44.0125,56.69166666666666,820.0833333333334,13.7125,51.44583333333333,77.875,31.97083333333333,50.66666666666666,979.7041666666668,4.191666666666666,3.0416666666666665,122.0,25,9,3,111.0,43.0,121.0,132.0,39.579166666666666,35.458333333333336,43.5,48.275,92.0,121.28571428571428,118.71428571428572,39.68333333333332,48.40178571428572,45.06875000000001,11.0,115.0,129.0,118.0
2025-09-26,41.22916666666666,52.05,1017.1666666666666,13.558333333333332,43.26666666666667,88.08333333333333,31.6,56.75,981.1541666666668,4.583333333333333,0.0,115.0,26,9,4,122.0,111.0,43.0,143.0,44.0125,39.579166666666666,35.458333333333336,52.42916666666667,116.0,117.28571428571428,119.07142857142856,41.60694444444442,46.80178571428571,45.22113095238095,-7.0,129.0,118.0,149.0
2025-09-27,46.69166666666666,56.65833333333333,1367.625,15.216666666666669,52.25416666666666,91.58333333333331,31.683333333333334,50.083333333333336,982.8291666666668,4.1000000000000005,0.1666666666666666,129.0,27,9,5,115.0,122.0,111.0,153.0,41.22916666666666,44.0125,39.579166666666666,58.44166666666666,122.0,113.85714285714286,120.07142857142856,43.97777777777776,45.12321428571428,45.60595238095237,14.0,118.0,149.0,144.0
2025-09-28,42.50416666666667,48.72916666666666,1253.8333333333333,12.495833333333332,51.925,93.16666666666669,31.1625,61.5,981.6875,4.508333333333334,2.0416666666666665,118.0,28,9,6,129.0,115.0,122.0,156.0,46.69166666666666,41.22916666666666,44.0125,65.39166666666667,120.66666666666669,108.42857142857144,121.21428571428572,43.47499999999999,41.85357142857144,46.08005952380952,-11.0,149.0,144.0,143.0
2025-09-29,54.91666666666666,69.97500000000001,1215.5833333333333,18.8875,48.225,98.29166666666669,30.52916666666667,66.875,979.8083333333334,3.9416666666666655,10.375,149.0,29,9,0,118.0,129.0,115.0,121.0,42.50416666666667,46.69166666666666,41.22916666666666,43.5,132.0,112.42857142857144,124.78571428571428,48.03749999999999,43.48452380952381,47.50773809523809,31.0,144.0,143.0,152.0
2025-09-30,52.95416666666667,65.37083333333334,1130.875,17.495833333333334,30.758333333333336,126.70833333333331,31.3625,59.208333333333336,978.0416666666666,3.7,6.708333333333333,144.0,30,9,1,149.0,118.0,129.0,43.0,54.91666666666666,42.50416666666667,46.69166666666666,35.458333333333336,137.0,126.85714285714286,126.5,50.12499999999999,45.98392857142858,48.20267857142858,-5.0,143.0,152.0,135.0
2025-10-01,52.395833333333336,65.05,952.0,15.375,39.516666666666666,101.25,29.65833333333333,65.375,978.7708333333334,6.075,10.125,143.0,1,10,2,144.0,149.0,118.0,111.0,52.95416666666667,54.91666666666666,42.50416666666667,39.579166666666666,145.33333333333334,131.42857142857142,127.07142857142856,53.42222222222221,47.81488095238095,48.412797619047616,-1.0,152.0,135.0,154.0
2025-10-02,57.78333333333333,67.49583333333334,1249.8333333333333,16.400000000000002,37.65416666666666,108.41666666666669,28.9875,67.66666666666667,982.9875,6.116666666666667,13.25,152.0,2,10,3,143.0,144.0,149.0,122.0,52.395833333333336,52.95416666666667,54.91666666666666,44.0125,146.33333333333334,135.71428571428572,128.5,54.377777777777766,49.78214285714285,49.09196428571428,9.0,135.0,154.0,135.0
2025-10-03,49.44583333333333,54.67083333333333,1496.5,15.2875,36.00833333333333,110.58333333333331,27.129166666666663,72.33333333333333,985.6791666666668,5.504166666666666,9.583333333333334,135.0,3,10,4,152.0,143.0,144.0,115.0,57.78333333333333,52.395833333333336,52.95416666666667,41.22916666666666,143.33333333333334,138.57142857142858,127.92857142857144,53.208333333333314,50.95595238095239,48.87886904761904,-17.0,154.0,135.0,103.0
2025-10-04,61.525,67.99583333333334,1513.0416666666667,17.320833333333333,36.770833333333336,99.08333333333331,26.579166666666666,69.04166666666667,982.5333333333332,6.158333333333334,22.375,154.0,4,10,5,135.0,152.0,143.0,129.0,49.44583333333333,57.78333333333333,52.395833333333336,46.69166666666666,147.0,142.14285714285714,128.0,56.25138888888887,53.075,49.09910714285714,19.0,135.0,103.0,100.0
2025-10-05,49.26666666666667,56.4125,659.9166666666666,13.483333333333334,34.37916666666667,103.08333333333331,24.27916666666667,73.58333333333333,982.1833333333334,7.245833333333334,29.375,135.0,5,10,6,154.0,135.0,152.0,118.0,61.525,49.44583333333333,57.78333333333333,42.50416666666667,141.33333333333334,144.57142857142858,126.5,53.41249999999999,54.04107142857144,47.94732142857144,-19.0,103.0,100.0,131.0
2025-10-06,36.42916666666667,47.895833333333336,455.8333333333333,10.441666666666666,33.61666666666667,66.625,20.075,89.83333333333333,984.125,9.720833333333331,78.95833333333333,103.0,6,10,0,135.0,154.0,135.0,149.0,49.26666666666667,61.525,49.44583333333333,54.91666666666666,130.66666666666666,138.0,125.21428571428572,49.0736111111111,51.4,47.44226190476191,-32.0,100.0,131.0,140.0
2025-10-07,35.275,44.67916666666667,1129.5416666666667,9.170833333333333,41.17083333333333,60.04166666666666,21.0625,82.375,985.9541666666668,5.491666666666667,30.70833333333333,100.0,7,10,1,103.0,135.0,154.0,144.0,36.42916666666667,49.26666666666667,61.525,52.95416666666667,112.66666666666669,131.71428571428572,129.28571428571428,40.3236111111111,48.87440476190476,47.42916666666667,-3.0,131.0,140.0,151.0
2025-10-08,47.51666666666667,56.3375,2574.833333333333,12.804166666666667,54.62083333333334,67.08333333333333,22.275,74.45833333333333,986.9708333333332,5.058333333333334,13.541666666666666,131.0,8,10,2,100.0,103.0,135.0,143.0,35.275,36.42916666666667,49.26666666666667,52.395833333333336,111.33333333333331,130.0,130.71428571428572,39.74027777777777,48.17738095238095,47.99613095238095,31.0,140.0,151.0,125.0
2025-10-09,51.1375,57.60833333333333,2085.833333333333,14.545833333333334,50.6625,83.79166666666667,23.041666666666668,68.95833333333333,987.9666666666668,3.8041666666666663,1.9166666666666667,140.0,9,10,3,131.0,100.0,103.0,152.0,47.51666666666667,35.275,36.42916666666667,57.78333333333333,123.66666666666669,128.28571428571428,132.0,44.64305555555554,47.22797619047619,48.50505952380952,9.0,151.0,125.0,155.0
2025-10-10,56.4625,62.8625,2368.208333333333,15.458333333333334,66.0125,71.25,24.25,66.20833333333333,986.2583333333332,4.233333333333333,2.25,151.0,10,10,4,140.0,131.0,100.0,135.0,51.1375,47.51666666666667,35.275,49.44583333333333,140.66666666666666,130.57142857142858,134.57142857142858,51.70555555555554,48.23035714285714,49.59315476190476,11.0,125.0,155.0,157.0
2025-10-11,45.40416666666667,49.44166666666666,1485.0,13.533333333333331,49.05833333333334,81.66666666666667,24.570833333333336,65.45833333333333,986.6375,5.7375,0.0,125.0,11,10,5,151.0,140.0,131.0,154.0,56.4625,51.1375,47.51666666666667,61.525,138.66666666666666,126.42857142857144,134.28571428571428,51.00138888888887,45.92738095238095,49.50119047619048,-26.0,155.0,157.0,158.0
2025-10-12,62.6875,68.83749999999999,1640.375,17.795833333333334,63.36666666666667,71.5,25.15833333333333,60.29166666666666,986.1166666666668,4.7625,0.0,155.0,12,10,6,125.0,151.0,140.0,135.0,45.40416666666667,56.4625,51.1375,49.26666666666667,143.66666666666666,129.28571428571428,136.92857142857142,54.85138888888887,47.84464285714286,50.94285714285714,30.0,157.0,158.0,158.0
2025-10-13,67.97500000000001,71.47083333333333,1572.75,20.03333333333333,78.57083333333334,79.04166666666667,25.308333333333334,59.16666666666666,986.7833333333332,2.620833333333333,0.0,157.0,13,10,0,155.0,125.0,151.0,103.0,62.6875,45.40416666666667,56.4625,36.42916666666667,145.66666666666666,137.0,137.5,58.68888888888888,52.35119047619048,51.87559523809525,2.0,158.0,158.0,162.0
2025-10-14,69.6125,72.6375,1989.5833333333333,20.754166666666663,70.175,77.41666666666667,25.541666666666668,58.25,985.675,3.2458333333333336,0.0,158.0,14,10,1,157.0,155.0,125.0,100.0,67.97500000000001,62.6875,45.40416666666667,35.275,156.66666666666666,145.28571428571428,138.5,66.75833333333333,57.25654761904762,53.0654761904762,1.0,158.0,162.0,162.0
2025-10-15,69.27916666666667,73.95,1382.0416666666667,20.841666666666665,61.07083333333333,85.04166666666667,26.3375,56.333333333333336,986.2,3.5375,5.583333333333333,158.0,15,10,2,158.0,157.0,155.0,131.0,69.6125,67.97500000000001,62.6875,47.51666666666667,157.66666666666666,149.14285714285714,139.57142857142858,68.95555555555553,60.365476190476194,54.27142857142858,0.0,162.0,162.0,163.0
2025-10-16,75.96666666666667,80.05416666666666,2046.5,23.633333333333336,74.125,88.25,26.35833333333333,56.0,986.4208333333332,3.091666666666667,0.0,162.0,16,10,3,158.0,158.0,157.0,140.0,69.27916666666667,69.6125,67.97500000000001,51.1375,159.33333333333334,152.28571428571428,140.28571428571428,71.61944444444443,63.9125,55.570238095238096,4.0,162.0,163.0,157.0
2025-10-17,75.925,78.15416666666667,2087.125,24.73333333333333,86.40833333333335,85.125,26.4,56.66666666666666,987.4791666666666,3.1958333333333333,0.0,162.0,17,10,4,162.0,158.0,158.0,151.0,75.96666666666667,69.27916666666667,69.6125,56.4625,160.66666666666666,153.85714285714286,142.21428571428572,73.7236111111111,66.69285714285715,57.46160714285714,0.0,163.0,157.0,154.0
2025-10-18,78.84166666666667,80.29583333333333,2197.2916666666665,26.879166666666663,91.40416666666664,85.5,25.991666666666664,59.458333333333336,986.8041666666668,2.6958333333333333,1.0,163.0,18,10,5,162.0,162.0,158.0,125.0,75.925,75.96666666666667,69.27916666666667,45.40416666666667,162.33333333333334,159.28571428571428,142.85714285714286,76.91111111111111,71.46964285714286,58.69851190476191,1.0,157.0,154.0,141.0
2025-10-19,67.77083333333333,69.05416666666666,2121.125,22.258333333333336,81.73333333333333,75.66666666666667,26.0875,58.458333333333336,986.3291666666668,3.8666666666666663,0.0,157.0,19,10,6,163.0,162.0,162.0,155.0,78.84166666666667,75.925,75.96666666666667,62.6875,160.66666666666666,159.57142857142858,144.42857142857142,74.17916666666666,72.19583333333334,60.02023809523809,-6.0,154.0,141.0,147.0
2025-10-20,61.5875,65.12916666666666,1531.8333333333333,18.183333333333334,71.64166666666667,79.08333333333333,25.995833333333334,50.958333333333336,986.9708333333332,3.3541666666666665,0.625,154.0,20,10,0,157.0,163.0,162.0,157.0,67.77083333333333,78.84166666666667,75.925,67.97500000000001,158.0,159.14285714285714,148.07142857142858,69.39999999999999,71.28333333333333,61.8172619047619,-3.0,141.0,147.0,159.0
2025-10-21,51.61666666666667,54.1125,1147.7083333333333,15.491666666666667,56.69583333333333,76.16666666666667,25.633333333333336,49.79166666666666,988.3916666666668,5.2250000000000005,6.208333333333333,141.0,21,10,1,154.0,157.0,163.0,158.0,61.5875,67.77083333333333,78.84166666666667,69.6125,150.66666666666666,156.71428571428572,151.0,60.32499999999999,68.7125,62.98452380952381,-13.0,147.0,159.0,160.0
2025-10-22,54.31666666666666,56.59583333333333,2148.1666666666665,13.766666666666666,58.90833333333333,71.04166666666667,25.041666666666668,52.458333333333336,988.1583333333332,4.858333333333333,1.0833333333333333,147.0,22,10,2,141.0,154.0,157.0,158.0,51.61666666666667,61.5875,67.77083333333333,69.27916666666667,147.33333333333334,155.14285714285714,152.14285714285714,55.84027777777777,66.575,63.470238095238095,6.0,159.0,160.0,175.0
2025-10-23,71.1875,74.95,2402.25,18.466666666666665,72.75833333333334,72.66666666666667,25.316666666666663,55.54166666666666,987.3583333333332,3.2416666666666667,0.6666666666666666,159.0,23,10,3,147.0,141.0,154.0,162.0,54.31666666666666,51.61666666666667,61.5875,75.96666666666667,149.0,154.71428571428572,153.5,59.04027777777776,65.89226190476191,64.90238095238095,12.0,160.0,175.0,180.0
2025-10-24,72.07083333333334,74.52499999999999,1587.4583333333333,20.320833333333333,69.91250000000001,73.58333333333333,25.304166666666664,58.958333333333336,986.9416666666666,3.4875000000000003,2.208333333333333,160.0,24,10,4,159.0,147.0,141.0,162.0,71.1875,54.31666666666666,51.61666666666667,75.925,155.33333333333334,154.42857142857142,154.14285714285714,65.85833333333333,65.34166666666667,66.01726190476191,1.0,175.0,180.0,179.0
2025-10-25,101.9375,107.51666666666668,2299.125,26.491666666666664,79.61666666666666,88.54166666666667,24.791666666666668,65.29166666666667,986.9791666666666,2.9250000000000003,0.7916666666666666,175.0,25,10,5,160.0,159.0,147.0,163.0,72.07083333333334,71.1875,54.31666666666666,78.84166666666667,164.66666666666666,156.14285714285714,157.71428571428572,81.73194444444444,68.64107142857142,70.05535714285715,15.0,180.0,179.0,171.0
2025-10-26,111.4375,117.37083333333334,1901.9166666666667,27.679166666666664,74.02083333333333,92.54166666666669,24.09583333333333,67.66666666666667,987.4333333333334,3.1666666666666665,0.0,180.0,26,10,6,175.0,160.0,159.0,157.0,101.9375,72.07083333333334,71.1875,67.77083333333333,171.66666666666666,159.42857142857142,159.5,95.14861111111112,74.87916666666668,73.5375,5.0,179.0,171.0,187.0
2025-10-27,110.25833333333333,115.41666666666669,2196.333333333333,30.20833333333333,82.87916666666666,84.29166666666667,23.85833333333333,69.08333333333333,988.3083333333334,3.391666666666667,0.0,179.0,27,10,0,180.0,175.0,160.0,154.0,111.4375,101.9375,72.07083333333334,61.5875,178.0,163.0,161.07142857142858,107.87777777777778,81.83214285714287,76.5577380952381,-1.0,171.0,187.0,180.0
2025-10-28,93.60416666666669,123.1375,2221.0,18.9625,73.2625,72.91666666666667,23.65416666666667,70.29166666666667,988.9,3.2458333333333336,0.3333333333333333,171.0,28,10,1,179.0,180.0,175.0,141.0,110.25833333333333,111.4375,101.9375,51.61666666666667,176.66666666666666,167.28571428571428,162.0,105.09999999999998,87.83035714285714,78.27142857142857,-8.0,187.0,180.0,182.0
2025-10-29,125.01666666666668,139.32500000000002,2308.6666666666665,23.625,77.95416666666667,77.08333333333333,23.75,71.5,987.3708333333334,2.891666666666667,0.0416666666666666,187.0,29,10,2,171.0,179.0,180.0,147.0,93.60416666666669,110.25833333333333,111.4375,54.31666666666666,179.0,173.0,164.07142857142858,109.62638888888888,97.93035714285716,82.25267857142856,16.0,180.0,182.0,179.0
2025-10-30,112.39583333333331,118.15,1958.0,20.954166666666666,62.10416666666666,89.08333333333333,24.22083333333333,67.875,986.6666666666666,3.820833333333333,0.0,180.0,30,10,3,187.0,171.0,179.0,159.0,125.01666666666668,93.60416666666669,110.25833333333333,71.1875,179.33333333333334,176.0,165.35714285714286,110.33888888888887,103.81726190476192,84.8547619047619,-7.0,182.0,179.0,181.0
2025-10-31,115.19583333333334,121.35,1884.7916666666667,20.4375,67.48333333333333,81.75,24.120833333333334,65.29166666666667,985.6375,3.7375,0.0,182.0,31,10,4,180.0,187.0,171.0,160.0,112.39583333333331,125.01666666666668,93.60416666666669,72.07083333333334,183.0,179.14285714285714,166.78571428571428,117.5361111111111,109.97797619047618,87.65982142857142,2.0,179.0,181.0,176.0
2025-11-01,109.01666666666668,116.3375,2157.5416666666665,17.116666666666667,56.39166666666667,76.75,23.90833333333333,61.583333333333336,985.9958333333334,4.795833333333333,0.0,179.0,1,11,5,182.0,180.0,187.0,175.0,115.19583333333334,112.39583333333331,125.01666666666668,101.9375,180.33333333333331,179.71428571428572,167.92857142857142,112.20277777777778,110.98928571428571,89.81517857142856,-3.0,181.0,176.0,140.0
2025-11-02,112.66666666666669,119.5125,2618.125,19.075,56.72083333333333,72.70833333333333,23.754166666666663,61.333333333333336,985.6083333333332,3.858333333333333,0.0,181.0,2,11,6,179.0,182.0,180.0,180.0,109.01666666666668,115.19583333333334,112.39583333333331,111.4375,180.66666666666663,179.85714285714286,169.64285714285714,112.29305555555555,111.16488095238094,93.02202380952382,2.0,176.0,140.0,110.0
2025-11-03,103.7375,109.66666666666669,2579.458333333333,22.72083333333333,64.625,73.5,22.954166666666666,66.58333333333333,982.975,3.4333333333333336,0.25,176.0,3,11,0,181.0,179.0,182.0,179.0,112.66666666666669,109.01666666666668,115.19583333333334,110.25833333333333,178.66666666666666,179.42857142857142,171.21428571428572,108.47361111111113,110.23333333333332,96.03273809523807,-5.0,140.0,110.0,103.0
2025-11-04,51.52916666666667,63.67916666666667,713.6666666666666,13.254166666666668,21.433333333333334,94.41666666666669,22.183333333333334,58.458333333333336,983.1875,10.541666666666666,15.416666666666666,140.0,4,11,1,176.0,181.0,179.0,171.0,103.7375,112.66666666666669,109.01666666666668,93.60416666666669,165.66666666666666,175.0,171.14285714285714,89.31111111111109,104.22261904761906,96.0264880952381,-36.0,110.0,103.0,149.0
2025-11-05,39.19166666666667,55.44166666666666,808.6666666666666,10.779166666666669,24.479166666666668,80.66666666666667,19.704166666666666,56.66666666666666,986.7583333333332,8.950000000000001,0.0,110.0,5,11,2,140.0,176.0,181.0,187.0,51.52916666666667,103.7375,112.66666666666669,125.01666666666668,142.0,164.0,168.5,64.81944444444443,91.96190476190476,94.94613095238095,-30.0,103.0,149.0,153.0
2025-11-06,36.15833333333333,38.0875,1309.1666666666667,11.754166666666668,34.550000000000004,75.20833333333333,18.791666666666668,54.875,987.9791666666666,6.220833333333334,0.0,103.0,6,11,3,110.0,140.0,176.0,180.0,39.19166666666667,51.52916666666667,103.7375,112.39583333333331,117.66666666666669,153.0,164.5,42.29305555555555,81.07083333333333,92.44404761904762,-7.0,149.0,153.0,155.0
2025-11-07,54.84166666666667,56.3625,2120.958333333333,15.1875,58.40416666666667,64.04166666666667,18.97083333333333,53.583333333333336,989.0,4.2,0.0,149.0,7,11,4,103.0,110.0,140.0,182.0,36.15833333333333,39.19166666666667,51.52916666666667,115.19583333333334,120.66666666666669,148.28571428571428,163.71428571428572,43.39722222222221,72.44880952380952,91.21339285714284,46.0,153.0,155.0,172.0
2025-11-08,59.958333333333336,61.57916666666667,2575.75,14.758333333333333,51.9125,71.79166666666667,19.125,54.29166666666666,989.6625,4.3875,0.0,153.0,8,11,5,149.0,103.0,110.0,179.0,54.84166666666667,36.15833333333333,39.19166666666667,109.01666666666668,135.0,144.57142857142858,162.14285714285714,50.31944444444444,65.44047619047619,88.21488095238094,4.0,155.0,172.0,179.0
2025-11-09,63.625,64.42083333333333,2371.083333333333,14.004166666666668,56.67916666666667,65.58333333333333,18.654166666666665,58.41666666666666,988.1166666666668,4.2375,0.3333333333333333,155.0,9,11,6,153.0,149.0,103.0,181.0,59.958333333333336,54.84166666666667,36.15833333333333,112.66666666666669,152.33333333333334,140.85714285714286,160.35714285714286,59.475,58.4345238095238,84.79970238095237,2.0,172.0,179.0,175.0
2025-11-10,96.95833333333331,99.02916666666664,3575.875,19.808333333333334,66.45833333333333,60.41666666666666,18.495833333333334,62.25,988.2833333333332,2.2375000000000003,0.0,172.0,10,11,0,155.0,153.0,149.0,176.0,63.625,59.958333333333336,54.84166666666667,103.7375,160.0,140.28571428571428,159.85714285714286,73.51388888888887,57.46607142857143,83.8497023809524,17.0,179.0,175.0,168.0
2025-11-11,108.80416666666667,112.34166666666664,2481.833333333333,21.3,60.69166666666666,72.66666666666667,18.370833333333334,64.875,989.475,3.308333333333333,0.0,179.0,11,11,1,172.0,155.0,153.0,140.0,96.95833333333331,63.625,59.958333333333336,51.52916666666667,168.66666666666666,145.85714285714286,160.42857142857142,89.79583333333333,65.64821428571429,84.93541666666667,7.0,175.0,168.0,178.0
2025-11-12,101.975,104.775,2184.583333333333,20.854166666666668,59.6,71.91666666666667,18.10833333333333,62.583333333333336,990.2458333333334,3.841666666666667,0.0,175.0,12,11,2,179.0,172.0,155.0,110.0,108.80416666666667,96.95833333333331,63.625,39.19166666666667,175.33333333333334,155.14285714285714,159.57142857142858,102.57916666666664,74.6172619047619,83.28958333333334,-4.0,168.0,178.0,174.0
2025-11-13,88.37083333333334,91.5125,2386.833333333333,18.4875,58.4,63.54166666666666,17.833333333333332,61.16666666666666,991.3208333333332,3.779166666666667,0.0,168.0,13,11,3,175.0,179.0,172.0,103.0,101.975,108.80416666666667,96.95833333333331,36.15833333333333,174.0,164.42857142857142,158.71428571428572,99.71666666666664,82.07619047619048,81.5735119047619,-7.0,178.0,174.0,175.0
2025-11-14,106.9,112.15,2870.458333333333,25.225,63.48333333333333,62.79166666666666,17.5625,65.08333333333333,991.2291666666666,2.058333333333333,0.0,178.0,14,11,4,168.0,175.0,179.0,149.0,88.37083333333334,101.975,108.80416666666667,54.84166666666667,173.66666666666666,168.57142857142858,158.42857142857142,99.08194444444445,89.51309523809523,80.98095238095239,10.0,174.0,175.0,188.0
2025-11-15,99.27916666666664,102.99583333333334,3211.9166666666665,26.17083333333333,60.25,59.625,17.5125,68.91666666666667,992.55,1.3416666666666668,0.0,174.0,15,11,5,178.0,168.0,175.0,153.0,106.9,88.37083333333334,101.975,59.958333333333336,173.33333333333334,171.57142857142858,158.07142857142858,98.18333333333332,95.13035714285716,80.28541666666668,-4.0,175.0,188.0,197.0
2025-11-16,102.14583333333331,104.15416666666664,3185.583333333333,27.004166666666663,69.27083333333333,54.16666666666666,17.216666666666665,68.04166666666667,993.7083333333334,2.029166666666667,16.375,175.0,16,11,6,174.0,178.0,168.0,155.0,99.27916666666664,106.9,88.37083333333334,63.625,175.66666666666666,174.42857142857142,157.64285714285714,102.77499999999998,100.63333333333334,79.53392857142856,1.0,188.0,197.0,199.0
2025-11-17,127.10416666666669,128.15833333333333,2841.333333333333,30.14583333333333,81.06666666666666,52.29166666666666,16.95,66.625,992.9041666666668,3.1291666666666664,40.0,188.0,17,11,0,175.0,174.0,178.0,172.0,102.14583333333331,99.27916666666664,106.9,96.95833333333331,179.0,176.71428571428572,158.5,109.5097222222222,104.93988095238096,81.20297619047619,13.0,197.0,199.0,192.0
2025-11-18,144.10833333333332,145.07916666666668,3777.7916666666665,37.82083333333333,78.48333333333333,69.375,17.545833333333334,67.75,991.0541666666668,2.370833333333333,29.875,197.0,18,11,1,188.0,175.0,174.0,179.0,127.10416666666669,102.14583333333331,99.27916666666664,108.80416666666667,186.66666666666663,179.28571428571428,162.57142857142858,124.45277777777775,109.98333333333332,87.8157738095238,9.0,199.0,192.0,198.0
2025-11-19,147.59166666666667,148.25416666666666,2917.5416666666665,43.47083333333333,86.7375,77.625,17.6125,65.625,991.3083333333334,2.829166666666667,27.33333333333333,199.0,19,11,2,197.0,188.0,175.0,175.0,144.10833333333332,127.10416666666669,102.14583333333331,101.975,194.66666666666663,182.7142857142857,168.92857142857142,139.6013888888889,116.5,95.55863095238097,2.0,192.0,198.0,201.0
2025-11-20,134.9625,135.41666666666666,2537.208333333333,41.24583333333333,90.37083333333334,79.83333333333333,17.408333333333335,66.54166666666667,991.6625,3.0583333333333336,0.0,192.0,20,11,3,199.0,197.0,188.0,168.0,147.59166666666667,144.10833333333332,127.10416666666669,88.37083333333334,196.0,186.14285714285717,175.28571428571428,142.22083333333333,123.1559523809524,102.61607142857144,-7.0,198.0,201.0,189.0
2025-11-21,145.86666666666667,146.5875,2291.083333333333,30.85,64.94166666666666,73.66666666666667,17.474999999999998,68.875,992.8791666666666,3.575,0.0,198.0,21,11,4,192.0,199.0,197.0,178.0,134.9625,147.59166666666667,144.10833333333332,106.9,196.33333333333331,189.0,178.78571428571428,142.80694444444444,128.72261904761905,109.11785714285716,6.0,201.0,189.0,177.0
2025-11-22,150.7125,151.725,3717.1666666666665,37.54166666666666,83.50416666666666,70.75,17.291666666666668,68.83333333333333,991.0125,2.3625000000000003,0.0,201.0,22,11,5,198.0,192.0,199.0,174.0,145.86666666666667,134.9625,147.59166666666667,99.27916666666664,197.0,192.8571428571429,182.2142857142857,143.8472222222222,136.0702380952381,115.6002976190476,3.0,189.0,177.0,176.0
2025-11-23,128.6625,129.92499999999998,3439.833333333333,33.30416666666667,77.36666666666666,75.79166666666667,16.75,67.41666666666667,991.5541666666668,2.9958333333333336,0.0,189.0,23,11,6,201.0,198.0,192.0,175.0,150.7125,145.86666666666667,134.9625,102.14583333333331,196.0,194.8571428571429,184.64285714285717,141.74722222222223,139.85833333333332,120.24583333333337,-12.0,177.0,176.0,182.0
2025-11-24,104.94583333333333,106.26666666666668,2863.2916666666665,27.5625,58.9125,80.625,16.316666666666666,67.04166666666667,993.1291666666666,3.204166666666667,0.0,177.0,24,11,0,189.0,201.0,198.0,188.0,128.6625,150.7125,145.86666666666667,127.10416666666669,189.0,193.28571428571428,185.0,128.10694444444445,136.69285714285715,120.81636904761903,-12.0,176.0,182.0,183.0
2025-11-25,104.3125,105.675,3005.4166666666665,26.941666666666663,56.3875,72.16666666666667,15.825,68.0,992.1583333333332,3.766666666666667,0.0,176.0,25,11,1,177.0,189.0,201.0,197.0,104.94583333333333,128.6625,150.7125,144.10833333333332,180.66666666666663,190.28571428571428,184.78571428571428,112.64027777777775,131.0077380952381,120.49553571428572,-1.0,182.0,183.0,170.0
2025-11-26,114.89583333333331,116.75416666666666,2719.7916666666665,32.579166666666666,62.3375,69.125,15.391666666666666,69.45833333333333,993.375,2.7125,0.0,182.0,26,11,2,176.0,177.0,189.0,199.0,104.3125,104.94583333333333,128.6625,147.59166666666667,178.33333333333334,187.8571428571429,185.28571428571428,108.05138888888888,126.33690476190476,121.4184523809524,6.0,183.0,170.0,163.0
2025-11-27,117.37083333333334,118.725,2891.125,31.7,65.41250000000001,71.5,14.779166666666669,70.54166666666667,994.5041666666666,2.783333333333333,0.0,183.0,27,11,3,182.0,176.0,177.0,192.0,114.89583333333331,104.3125,104.94583333333333,134.9625,180.33333333333331,186.57142857142856,186.3571428571429,112.19305555555556,123.82380952380952,123.48988095238096,1.0,170.0,163.0,162.0
2025-11-28,92.375,93.1375,2577.583333333333,29.9375,53.42083333333333,84.95833333333333,14.9875,67.375,992.5583333333334,4.104166666666667,0.0,170.0,28,11,4,183.0,182.0,176.0,198.0,117.37083333333334,114.89583333333331,104.3125,145.86666666666667,178.33333333333334,182.57142857142856,185.78571428571428,108.21388888888887,116.18214285714284,122.45238095238096,-13.0,163.0,162.0,176.0
2025-11-29,78.575,79.625,2558.125,27.254166666666663,47.46666666666667,86.75,14.570833333333333,62.708333333333336,990.8458333333332,4.104166666666667,0.0,163.0,29,11,5,170.0,183.0,182.0,201.0,92.375,117.37083333333334,114.89583333333331,150.7125,172.0,177.14285714285714,185.0,96.10694444444444,105.87678571428572,120.9735119047619,-7.0,162.0,176.0,192.0
2025-11-30,76.75416666666666,77.44166666666666,2503.458333333333,24.008333333333336,51.72083333333333,75.625,14.075,62.16666666666666,989.3916666666668,3.6041666666666665,46.91666666666666,162.0,30,11,6,163.0,170.0,183.0,189.0,78.575,92.375,117.37083333333334,128.6625,165.0,173.28571428571428,184.07142857142856,82.56805555555555,98.46130952380952,119.15982142857142,-1.0,176.0,192.0,184.0
2025-12-01,104.64583333333331,105.68333333333334,3691.5,26.758333333333336,61.75,65.625,14.483333333333334,63.125,989.0291666666668,2.095833333333333,16.916666666666668,176.0,1,12,0,162.0,163.0,170.0,177.0,76.75416666666666,78.575,92.375,104.94583333333333,167.0,173.14285714285714,183.2142857142857,86.65833333333332,98.4184523809524,117.55565476190476,14.0,192.0,184.0,175.0
2025-12-02,134.05416666666667,134.52083333333334,2669.208333333333,33.1625,57.7125,82.33333333333333,13.966666666666669,69.70833333333333,990.3333333333334,3.141666666666667,0.0,192.0,2,12,1,176.0,162.0,163.0,176.0,104.64583333333331,76.75416666666666,78.575,104.3125,176.66666666666666,175.42857142857142,182.8571428571429,105.15138888888887,102.6672619047619,116.8375,16.0,184.0,175.0,175.0
2025-12-03,120.09166666666664,120.27916666666664,2541.833333333333,30.791666666666668,56.74583333333334,83.08333333333333,13.891666666666666,67.91666666666667,993.2791666666668,4.108333333333333,16.75,184.0,3,12,2,192.0,176.0,162.0,182.0,134.05416666666667,104.64583333333331,76.75416666666666,114.89583333333331,184.0,175.71428571428572,181.78571428571428,119.5972222222222,103.4095238095238,114.87321428571428,-8.0,175.0,175.0,168.0
2025-12-04,102.14166666666668,103.175,2516.9166666666665,28.10833333333333,66.8625,65.91666666666667,14.1625,61.375,993.2416666666668,3.470833333333333,29.08333333333333,175.0,4,12,3,184.0,192.0,176.0,183.0,120.09166666666664,134.05416666666667,104.64583333333331,117.37083333333334,183.66666666666663,174.57142857142858,180.57142857142856,118.7625,101.23392857142856,112.52886904761904,-9.0,175.0,168.0,184.0
2025-12-05,101.9125,102.88333333333333,2569.375,29.441666666666663,53.75416666666666,87.16666666666667,14.225,62.29166666666666,995.1583333333332,3.925,5.375,175.0,5,12,4,175.0,184.0,192.0,170.0,102.14166666666668,120.09166666666664,134.05416666666667,92.375,178.0,175.28571428571428,178.92857142857142,108.0486111111111,102.59642857142856,109.38928571428572,0.0,168.0,184.0,161.0
2025-12-06,87.60000000000001,88.12083333333334,2243.7916666666665,23.52083333333333,40.97083333333333,75.70833333333333,14.245833333333335,67.16666666666667,993.4583333333334,4.958333333333333,50.25,168.0,6,12,5,175.0,175.0,184.0,163.0,101.9125,102.14166666666668,120.09166666666664,78.575,172.66666666666666,176.0,176.57142857142858,97.21805555555557,103.88571428571429,104.88125,-7.0,184.0,161.0,160.0
2025-12-07,119.91666666666669,121.1125,3300.4166666666665,25.85,59.97083333333333,71.91666666666667,14.808333333333332,68.91666666666667,993.0458333333332,3.075,5.166666666666667,184.0,7,12,6,168.0,175.0,175.0,162.0,87.60000000000001,101.9125,102.14166666666668,76.75416666666666,175.66666666666666,179.14285714285714,176.21428571428572,103.14305555555556,110.05178571428571,104.25654761904762,16.0,161.0,160.0,177.0
2025-12-08,74.50833333333334,76.21249999999999,1959.0,19.02083333333333,40.72083333333333,81.91666666666667,15.583333333333334,63.91666666666666,993.2125,6.425,0.0,161.0,8,12,0,184.0,168.0,175.0,176.0,119.91666666666669,87.60000000000001,101.9125,104.64583333333331,171.0,177.0,175.07142857142858,94.00833333333333,105.74642857142857,102.08244047619048,-23.0,160.0,177.0,204.0
2025-12-09,72.7625,75.85000000000001,2247.25,19.758333333333333,53.66666666666666,61.91666666666666,15.579166666666666,62.79166666666666,992.1875,4.483333333333333,32.791666666666664,160.0,9,12,1,161.0,184.0,168.0,192.0,74.50833333333334,119.91666666666669,87.60000000000001,134.05416666666667,168.33333333333334,172.42857142857142,173.92857142857142,89.0625,96.9904761904762,99.82886904761904,-1.0,177.0,204.0,237.0
2025-12-10,106.35416666666669,107.64583333333331,3200.7916666666665,28.225,67.19166666666666,59.208333333333336,15.195833333333333,69.70833333333333,991.7958333333332,2.5375,20.041666666666668,177.0,10,12,2,160.0,161.0,184.0,184.0,72.7625,74.50833333333334,119.91666666666669,120.09166666666664,166.0,171.42857142857142,173.57142857142858,84.54166666666666,95.0279761904762,99.21875,17.0,204.0,237.0,198.0
2025-12-11,153.44166666666666,154.10833333333332,3606.2083333333335,38.0875,74.56666666666668,75.91666666666667,15.645833333333334,73.5,990.6041666666666,2.1625,1.5833333333333333,204.0,11,12,3,177.0,160.0,161.0,175.0,106.35416666666669,72.7625,74.50833333333334,102.14166666666668,180.33333333333331,175.57142857142858,175.07142857142858,110.85277777777776,102.35654761904765,101.7952380952381,27.0,237.0,198.0,227.0
2025-12-12,187.2541666666667,188.41666666666663,3599.0416666666665,41.7125,95.24583333333334,77.33333333333333,14.75,81.875,990.0,2.5416666666666665,86.16666666666667,237.0,12,12,4,204.0,177.0,160.0,175.0,153.44166666666666,106.35416666666669,72.7625,101.9125,206.0,184.42857142857144,179.85714285714286,149.01666666666668,114.5482142857143,108.57232142857144,33.0,198.0,227.0,188.0
2025-12-13,145.975,147.4625,2306.875,34.3125,48.55833333333334,78.45833333333333,14.875,84.875,991.6208333333334,4.8375,98.70833333333331,198.0,13,12,5,237.0,204.0,177.0,168.0,187.2541666666667,153.44166666666666,106.35416666666669,87.60000000000001,213.0,188.7142857142857,182.3571428571429,162.22361111111113,122.88750000000002,113.38660714285716,-39.0,227.0,188.0,166.0
2025-12-14,176.97083333333333,180.70416666666665,2642.6666666666665,44.125,71.05,75.58333333333333,15.395833333333334,80.91666666666667,992.95,3.1166666666666667,87.5,227.0,14,12,6,198.0,237.0,204.0,184.0,145.975,187.2541666666667,153.44166666666666,119.91666666666669,220.66666666666663,194.8571428571429,187.0,170.06666666666666,131.03809523809525,120.54494047619048,29.0,188.0,166.0,170.0
2025-12-15,126.475,128.75416666666666,2226.833333333333,34.4125,44.3375,88.875,15.729166666666666,74.45833333333333,992.4416666666666,5.483333333333333,20.375,188.0,15,12,0,227.0,198.0,237.0,161.0,176.97083333333333,145.975,187.2541666666667,74.50833333333334,204.33333333333331,198.7142857142857,187.8571428571429,149.80694444444444,138.46190476190478,122.10416666666666,-39.0,166.0,170.0,226.0
2025-12-16,85.32916666666667,88.05833333333334,1750.375,23.1375,31.841666666666665,95.375,16.25,69.375,991.3625,6.2250000000000005,58.29166666666666,166.0,16,12,1,188.0,227.0,198.0,160.0,126.475,176.97083333333333,145.975,72.7625,193.66666666666663,199.57142857142856,186.0,129.59166666666667,140.25714285714287,118.62380952380953,-22.0,170.0,226.0,210.0
2025-12-17,93.125,102.29583333333332,2868.333333333333,22.241666666666664,45.81666666666666,73.125,16.379166666666666,73.08333333333333,992.025,3.4791666666666665,75.75,170.0,17,12,2,166.0,188.0,227.0,177.0,85.32916666666667,126.475,176.97083333333333,106.35416666666669,174.66666666666666,198.57142857142856,185.0,101.64305555555556,138.36726190476193,116.69761904761904,4.0,226.0,210.0,203.0
2025-12-18,175.85833333333335,177.88333333333333,4693.083333333333,46.2,80.5875,73.375,15.691666666666668,76.16666666666667,992.7125,1.6208333333333331,99.54166666666669,226.0,18,12,3,170.0,166.0,188.0,204.0,93.125,85.32916666666667,126.475,153.44166666666666,187.33333333333331,201.7142857142857,188.64285714285717,118.10416666666669,141.56964285714287,121.96309523809524,56.0,210.0,203.0,192.0
2025-12-19,159.49583333333334,160.57083333333333,4409.833333333333,42.78333333333333,74.1125,73.29166666666667,14.566666666666668,86.0,989.6458333333334,1.7666666666666666,95.83333333333331,210.0,19,12,4,226.0,170.0,166.0,237.0,175.85833333333335,93.125,85.32916666666667,187.2541666666667,202.0,197.8571428571429,191.14285714285717,142.82638888888889,137.60416666666666,126.07619047619048,-16.0,203.0,192.0,168.0
2025-12-20,152.67083333333332,154.35833333333332,3200.5,38.4625,61.325,65.33333333333333,13.85,92.16666666666669,989.25,4.558333333333334,100.0,203.0,20,12,5,210.0,226.0,170.0,198.0,159.49583333333334,175.85833333333335,93.125,145.975,213.0,198.57142857142856,193.64285714285717,162.67499999999998,138.56071428571428,130.72410714285715,-7.0,192.0,168.0,151.0
2025-12-21,135.40833333333333,138.15416666666667,2350.375,28.9125,49.4625,67.125,14.125,89.70833333333333,991.6333333333332,5.316666666666666,84.625,192.0,21,12,6,203.0,210.0,226.0,227.0,152.67083333333332,159.49583333333334,175.85833333333335,176.97083333333333,201.66666666666663,193.57142857142856,194.2142857142857,149.19166666666663,132.62321428571428,131.83065476190475,-11.0,168.0,151.0,154.0
2025-12-22,88.53750000000001,90.99583333333334,2442.0,19.59583333333333,44.7875,57.125,14.745833333333332,87.66666666666667,991.5875,3.516666666666667,47.5,168.0,22,12,0,192.0,203.0,210.0,188.0,135.40833333333333,152.67083333333332,159.49583333333334,126.475,187.66666666666663,190.7142857142857,194.7142857142857,125.53888888888888,127.20357142857142,132.8327380952381,-24.0,151.0,154.0,166.0
2025-12-23,56.17916666666667,58.67916666666667,1144.2916666666667,14.658333333333331,30.5125,64.29166666666667,15.166666666666666,74.70833333333333,990.25,7.270833333333333,0.1666666666666666,151.0,23,12,1,168.0,192.0,203.0,166.0,88.53750000000001,135.40833333333333,152.67083333333332,85.32916666666667,170.33333333333334,188.57142857142856,194.07142857142856,93.375,123.03928571428573,131.6482142857143,-17.0,154.0,166.0,190.0
2025-12-24,61.6375,64.74166666666666,1665.7083333333333,18.508333333333333,45.6125,57.5,14.470833333333331,63.375,989.3583333333332,5.483333333333333,13.083333333333334,154.0,24,12,2,151.0,168.0,192.0,170.0,56.17916666666667,88.53750000000001,135.40833333333333,93.125,157.66666666666666,186.28571428571428,192.42857142857144,68.78472222222221,118.54107142857144,128.45416666666668,3.0,166.0,190.0,186.0
2025-12-25,84.91666666666667,87.29583333333333,2928.75,25.7,56.6375,52.458333333333336,14.445833333333333,66.16666666666667,990.6416666666668,3.1625,74.45833333333333,166.0,25,12,3,154.0,151.0,168.0,226.0,61.6375,56.17916666666667,88.53750000000001,175.85833333333335,157.0,177.71428571428572,189.7142857142857,67.57777777777777,105.54940476190475,123.55952380952382,12.0,190.0,186.0,195.0
2025-12-26,130.2875,132.20000000000002,3342.958333333333,38.7625,63.833333333333336,62.208333333333336,14.808333333333335,71.29166666666667,991.2666666666668,2.583333333333333,52.125,190.0,26,12,4,166.0,154.0,151.0,210.0,84.91666666666667,61.6375,56.17916666666667,159.49583333333334,170.0,174.85714285714286,186.3571428571429,92.28055555555557,101.37678571428572,119.4904761904762,24.0,186.0,195.0,205.0
2025-12-27,124.20416666666668,125.15,3717.0,32.670833333333334,53.75833333333333,66.33333333333333,14.158333333333331,74.875,991.1083333333332,3.220833333333333,53.958333333333336,186.0,27,12,5,190.0,166.0,154.0,203.0,130.2875,84.91666666666667,61.6375,152.67083333333332,180.66666666666663,172.42857142857142,185.5,113.1361111111111,97.31011904761904,117.93541666666668,-4.0,195.0,205.0,211.0
2025-12-28,141.30833333333334,141.99583333333334,3857.375,34.12916666666667,63.39166666666667,63.375,12.479166666666666,82.29166666666667,991.65,1.8541666666666667,75.83333333333333,195.0,28,12,6,186.0,190.0,166.0,192.0,124.20416666666668,130.2875,84.91666666666667,135.40833333333333,190.33333333333331,172.85714285714286,183.2142857142857,131.9333333333333,98.1529761904762,115.38809523809525,9.0,205.0,211.0,196.0
2025-12-29,154.42916666666667,154.7125,3739.9583333333335,38.18333333333333,76.59166666666667,50.91666666666666,11.620833333333332,86.70833333333333,990.975,1.6416666666666666,85.875,205.0,29,12,0,195.0,186.0,190.0,168.0,141.30833333333334,124.20416666666668,130.2875,88.53750000000001,195.33333333333331,178.14285714285714,184.42857142857144,139.98055555555555,107.56607142857143,117.38482142857144,10.0,211.0,196.0,193.0
2025-12-30,161.00416666666666,161.45000000000002,2871.958333333333,42.25833333333333,67.04166666666667,71.08333333333333,12.7,83.33333333333333,987.8916666666668,3.3041666666666667,67.95833333333333,211.0,30,12,1,205.0,195.0,186.0,151.0,154.42916666666667,141.30833333333334,124.20416666666668,56.17916666666667,203.66666666666663,186.7142857142857,187.64285714285717,152.24722222222223,122.54107142857144,122.79017857142856,6.0,196.0,193.0,192.0
2025-12-31,142.39166666666668,143.25833333333333,2356.958333333333,30.945833333333336,47.23333333333333,65.54166666666667,12.183333333333332,91.54166666666669,986.2375,5.291666666666667,83.70833333333333,196.0,31,12,2,211.0,205.0,195.0,154.0,161.00416666666666,154.42916666666667,141.30833333333334,61.6375,204.0,192.7142857142857,189.5,152.60833333333335,134.0773809523809,126.3092261904762,-15.0,193.0,192.0,196.0
2026-01-01,136.03333333333333,139.17916666666667,2273.25,23.354166666666668,41.87083333333333,49.41666666666666,11.458333333333334,93.54166666666669,990.0916666666668,5.379166666666666,86.54166666666667,193.0,1,1,3,196.0,211.0,205.0,166.0,142.39166666666668,161.00416666666666,154.42916666666667,84.91666666666667,200.0,196.57142857142856,187.14285714285717,146.4763888888889,141.3797619047619,123.46458333333337,-3.0,192.0,196.0,227.0
2026-01-02,134.09166666666667,138.5,1990.2083333333333,23.704166666666666,56.8125,52.458333333333336,11.541666666666666,89.95833333333333,992.6041666666666,5.066666666666666,66.25,192.0,2,1,4,193.0,196.0,211.0,190.0,136.03333333333333,142.39166666666668,161.00416666666666,130.2875,193.66666666666663,196.8571428571429,185.8571428571429,137.50555555555556,141.9232142857143,121.65,-1.0,196.0,227.0,217.0
2026-01-03,142.375,146.07500000000002,2444.9166666666665,27.7375,65.84583333333333,50.79166666666666,11.579166666666666,88.75,992.7541666666666,3.3083333333333336,41.208333333333336,196.0,3,1,5,192.0,193.0,196.0,186.0,134.09166666666667,136.03333333333333,142.39166666666668,124.20416666666668,193.66666666666663,198.28571428571428,185.3571428571429,137.5,144.51904761904763,120.91458333333334,4.0,227.0,217.0,226.0
2026-01-04,176.79166666666666,181.98333333333332,3917.4166666666665,32.229166666666664,69.55,50.75,11.379166666666668,89.79166666666667,994.65,2.966666666666667,63.66666666666666,227.0,4,1,6,196.0,192.0,193.0,195.0,142.375,134.09166666666667,136.03333333333333,141.30833333333334,205.0,202.8571428571429,187.8571428571429,151.0861111111111,149.58809523809526,123.87053571428572,31.0,217.0,226.0,281.0
2026-01-05,166.9625,172.34166666666667,2726.7916666666665,23.83333333333333,53.27916666666667,75.83333333333333,11.425,88.04166666666667,995.2166666666668,3.779166666666667,44.875,217.0,5,1,0,227.0,196.0,192.0,205.0,176.79166666666666,142.375,134.09166666666667,154.42916666666667,213.33333333333331,204.57142857142856,191.3571428571429,162.04305555555553,151.3785714285714,129.47232142857143,-10.0,226.0,281.0,241.0
2026-01-06,176.07083333333333,180.89583333333331,3122.0416666666665,22.8625,63.375,60.208333333333336,10.970833333333331,89.25,995.6958333333332,2.6833333333333336,44.208333333333336,226.0,6,1,1,217.0,227.0,196.0,211.0,166.9625,176.79166666666666,142.375,161.00416666666666,223.33333333333331,206.7142857142857,196.7142857142857,173.27499999999998,153.5309523809524,138.0360119047619,9.0,281.0,241.0,202.0
2026-01-07,231.05416666666667,237.225,3967.0416666666665,35.5875,93.8125,61.208333333333336,9.795833333333333,91.66666666666669,996.5125,2.3916666666666666,56.708333333333336,281.0,7,1,2,226.0,217.0,227.0,196.0,176.07083333333333,166.9625,176.79166666666666,142.39166666666668,241.33333333333331,218.8571428571429,205.78571428571428,191.3625,166.1970238095238,150.13720238095237,55.0,241.0,202.0,197.0
2026-01-08,190.61666666666667,196.27083333333331,3315.333333333333,32.0625,73.02916666666667,56.125,8.829166666666667,91.83333333333331,996.35,2.7541666666666664,60.708333333333336,241.0,8,1,3,281.0,226.0,217.0,193.0,231.05416666666667,176.07083333333333,166.9625,136.03333333333333,249.33333333333331,225.7142857142857,211.14285714285717,199.24722222222223,173.99464285714288,157.6872023809524,-40.0,202.0,197.0,193.0
2026-01-09,151.38750000000002,155.04166666666666,2268.0,22.67083333333333,53.6375,60.75,7.958333333333333,89.91666666666667,996.1541666666668,3.5416666666666665,42.833333333333336,202.0,9,1,4,241.0,281.0,226.0,192.0,190.61666666666667,231.05416666666667,176.07083333333333,134.09166666666667,241.33333333333331,227.14285714285717,212.0,191.01944444444447,176.4654761904762,159.19434523809528,-39.0,197.0,193.0,228.0
2026-01-10,144.38333333333333,146.54166666666666,2437.5,22.704166666666666,54.03333333333333,80.08333333333333,7.3,89.375,995.3,4.6125,30.125,197.0,10,1,5,202.0,241.0,281.0,196.0,151.38750000000002,190.61666666666667,231.05416666666667,142.375,213.33333333333331,227.28571428571428,212.78571428571428,162.1291666666667,176.75238095238095,160.6357142857143,-5.0,193.0,228.0,265.0
2026-01-11,137.71666666666667,138.85833333333332,2489.583333333333,23.495833333333334,47.76666666666667,88.20833333333333,7.524999999999999,88.54166666666667,996.4166666666666,4.2,48.875,193.0,11,1,6,197.0,202.0,241.0,227.0,144.38333333333333,151.38750000000002,190.61666666666667,176.79166666666666,197.33333333333331,222.42857142857144,212.64285714285717,144.49583333333337,171.1702380952381,160.37916666666666,-4.0,228.0,265.0,264.0
2026-01-12,177.725,179.9125,5043.875,33.50833333333333,76.42083333333333,61.583333333333336,7.958333333333333,89.375,996.1083333333332,2.375,84.29166666666667,228.0,12,1,0,193.0,197.0,202.0,217.0,137.71666666666667,144.38333333333333,151.38750000000002,166.9625,206.0,224.0,214.28571428571428,153.275,172.7077380952381,162.04315476190476,35.0,265.0,264.0,291.0
2026-01-13,215.16666666666663,216.4416666666667,4360.833333333333,36.516666666666666,73.69583333333334,69.91666666666667,8.233333333333333,90.5,994.2041666666668,2.1375,77.29166666666667,265.0,13,1,1,228.0,193.0,197.0,226.0,177.725,137.71666666666667,144.38333333333333,176.07083333333333,228.66666666666663,229.57142857142856,218.14285714285717,176.86944444444444,178.29285714285714,165.91190476190474,37.0,264.0,291.0,315.0
2026-01-14,213.74166666666667,214.59583333333333,4336.666666666667,32.704166666666666,78.57916666666667,77.66666666666667,7.991666666666667,90.5,991.3875,2.029166666666667,53.5,264.0,14,1,2,265.0,228.0,193.0,281.0,215.16666666666663,177.725,137.71666666666667,231.05416666666667,252.33333333333331,227.14285714285717,223.0,202.2111111111111,175.81964285714284,171.00833333333335,-1.0,291.0,315.0,243.0
2026-01-15,241.76666666666665,243.075,5196.333333333333,28.15833333333333,87.875,70.83333333333333,7.966666666666666,92.0,991.4708333333332,1.5750000000000002,62.75,291.0,15,1,3,264.0,265.0,228.0,241.0,213.74166666666667,215.16666666666663,177.725,190.61666666666667,273.3333333333333,234.28571428571428,230.0,223.5583333333333,183.1267857142857,178.5607142857143,27.0,315.0,243.0,250.0
2026-01-16,264.7083333333333,267.7583333333333,3932.7083333333335,51.65,91.16666666666669,47.5,8.520833333333334,95.125,990.0166666666668,3.4458333333333333,91.29166666666669,315.0,16,1,4,291.0,264.0,265.0,202.0,241.76666666666665,213.74166666666667,215.16666666666663,151.38750000000002,290.0,250.42857142857144,238.78571428571428,240.07222222222225,199.3154761904762,187.8904761904762,24.0,243.0,250.0,256.0
2026-01-17,193.3791666666667,197.45,3136.4166666666665,31.22083333333333,65.97916666666667,59.41666666666666,9.675,91.45833333333331,988.575,3.766666666666667,57.66666666666666,243.0,17,1,5,315.0,291.0,264.0,197.0,264.7083333333333,241.76666666666665,213.74166666666667,144.38333333333333,283.0,257.0,242.14285714285717,233.28472222222223,206.31488095238092,191.53363095238092,-72.0,250.0,256.0,236.0
2026-01-18,200.4333333333333,203.32916666666665,4148.583333333333,42.66666666666666,96.5875,62.16666666666666,10.891666666666666,90.45833333333331,987.6458333333334,2.5791666666666666,57.54166666666666,250.0,18,1,6,243.0,315.0,291.0,193.0,193.3791666666667,264.7083333333333,241.76666666666665,137.71666666666667,269.3333333333333,265.1428571428572,243.78571428571428,219.50694444444449,215.27440476190472,193.2223214285714,7.0,256.0,236.0,229.0
2026-01-19,205.575,208.07083333333333,3446.6666666666665,37.35833333333333,81.83749999999999,76.625,11.866666666666667,88.75,989.8166666666666,3.254166666666667,31.08333333333333,256.0,19,1,0,250.0,243.0,315.0,228.0,200.4333333333333,193.3791666666667,264.7083333333333,177.725,249.66666666666663,269.1428571428572,246.57142857142856,199.79583333333332,219.25297619047615,195.9803571428572,6.0,236.0,229.0,168.0
2026-01-20,185.5625,187.8083333333333,2930.125,33.083333333333336,76.09166666666667,71.41666666666667,13.0625,82.625,991.1291666666666,4.329166666666667,28.416666666666668,236.0,20,1,1,256.0,250.0,243.0,265.0,205.575,200.4333333333333,193.3791666666667,215.16666666666663,247.33333333333331,265.0,247.28571428571428,197.19027777777777,215.0238095238095,196.65833333333333,-20.0,229.0,168.0,127.0
2026-01-21,178.70833333333334,181.3083333333333,2994.708333333333,36.45,91.34583333333336,63.54166666666666,12.883333333333333,77.08333333333333,991.9625,3.3208333333333333,4.875,229.0,21,1,2,236.0,256.0,250.0,264.0,185.5625,205.575,200.4333333333333,213.74166666666667,240.33333333333331,260.0,243.57142857142856,189.9486111111111,210.01904761904763,192.91934523809525,-7.0,168.0,127.0,58.0
2026-01-22,89.32083333333333,90.71666666666664,1405.2083333333333,19.3625,29.7375,93.66666666666669,13.891666666666666,76.91666666666667,986.85,11.75,98.04166666666669,168.0,22,1,3,229.0,236.0,256.0,291.0,178.70833333333334,185.5625,205.575,241.76666666666665,211.0,242.42857142857144,238.3571428571429,151.19722222222222,188.24107142857144,185.6839285714286,-61.0,127.0,58.0,163.0
2026-01-23,46.175,58.4625,786.9166666666666,11.308333333333332,29.2125,51.66666666666666,10.666666666666666,67.125,989.2833333333332,11.15,22.416666666666668,127.0,23,1,4,168.0,229.0,236.0,315.0,89.32083333333333,178.70833333333334,185.5625,264.7083333333333,174.66666666666666,215.57142857142856,233.0,104.73472222222225,157.02202380952377,178.16875,-41.0,58.0,163.0,175.0
2026-01-24,55.4625,68.325,1695.25,13.75,29.89583333333333,52.29166666666666,8.933333333333334,70.5,997.7416666666668,5.758333333333333,52.66666666666666,58.0,24,1,5,127.0,168.0,229.0,243.0,46.175,89.32083333333333,178.70833333333334,193.3791666666667,117.66666666666669,189.14285714285717,223.07142857142856,63.65277777777777,137.31964285714284,171.8172619047619,-69.0,163.0,175.0,160.0
2026-01-25,78.10416666666667,79.8,2062.5416666666665,16.720833333333335,44.95,59.5,11.3125,75.375,993.3166666666666,4.733333333333333,31.666666666666668,163.0,25,1,6,58.0,127.0,168.0,250.0,55.4625,46.175,89.32083333333333,200.4333333333333,116.0,176.71428571428572,220.92857142857144,59.91388888888889,119.8440476190476,167.55922619047618,105.0,175.0,160.0,167.0
2026-01-26,102.525,105.7375,2279.208333333333,23.3375,50.020833333333336,56.54166666666666,12.575,79.875,993.4166666666666,4.516666666666667,97.83333333333331,175.0,26,1,0,163.0,58.0,127.0,256.0,78.10416666666667,55.4625,46.175,205.575,132.0,165.14285714285714,217.14285714285717,78.69722222222221,105.12261904761904,162.1877976190476,12.0,160.0,167.0,157.0
2026-01-27,73.68333333333334,77.94583333333334,1051.75,12.454166666666666,34.37083333333333,51.333333333333336,12.025,88.25,992.975,5.575,74.20833333333333,160.0,27,1,1,175.0,163.0,58.0,236.0,102.525,78.10416666666667,55.4625,185.5625,166.0,154.28571428571428,209.64285714285717,84.77083333333333,89.13988095238095,152.08184523809524,-15.0,167.0,157.0,173.0
2026-01-28,86.875,90.34166666666664,2193.583333333333,22.620833333333334,46.91666666666666,55.41666666666666,12.008333333333333,82.75,995.0416666666666,3.875,27.291666666666668,167.0,28,1,2,160.0,175.0,163.0,229.0,73.68333333333334,102.525,78.10416666666667,178.70833333333334,167.33333333333334,145.42857142857142,202.7142857142857,87.69444444444444,76.02083333333334,143.01994047619047,7.0,157.0,173.0,205.0
2026-01-29,67.46666666666667,69.17083333333333,2339.4166666666665,19.9875,46.520833333333336,54.91666666666666,12.983333333333334,71.54166666666667,994.175,4.1875,52.0,157.0,29,1,3,167.0,160.0,175.0,168.0,86.875,73.68333333333334,102.525,89.32083333333333,161.33333333333334,143.85714285714286,193.14285714285717,76.00833333333334,72.89880952380953,130.56994047619048,-10.0,173.0,205.0,200.0
2026-01-30,98.66666666666669,101.28333333333336,2999.0,26.65416666666667,68.96666666666667,55.5,14.0875,72.41666666666667,992.5166666666668,2.575,66.125,173.0,30,1,4,157.0,167.0,160.0,127.0,67.46666666666667,86.875,73.68333333333334,46.175,165.66666666666666,150.42857142857142,183.0,84.33611111111112,80.39761904761905,118.70982142857144,16.0,205.0,200.0,175.0
2026-01-31,154.57500000000002,155.95416666666668,2039.3333333333333,25.1375,69.60416666666667,53.125,13.25,76.83333333333333,992.8166666666666,4.283333333333333,64.20833333333333,205.0,31,1,5,173.0,157.0,167.0,58.0,98.66666666666669,67.46666666666667,86.875,55.4625,178.33333333333334,171.42857142857142,180.28571428571428,106.9027777777778,94.55654761904762,115.93809523809524,32.0,200.0,175.0,188.0
2026-02-01,149.56666666666666,152.59583333333333,1623.7083333333333,17.037499999999998,48.44166666666666,54.91666666666666,13.820833333333333,79.91666666666667,994.3625,3.4625,48.41666666666666,200.0,1,2,6,205.0,173.0,157.0,163.0,154.57500000000002,98.66666666666669,67.46666666666667,78.10416666666667,192.66666666666663,176.71428571428572,176.71428571428572,134.26944444444447,104.7654761904762,112.3047619047619,-5.0,175.0,188.0,168.0
2026-02-02,102.58333333333331,106.14583333333331,1456.2083333333333,10.895833333333334,40.34166666666667,48.375,14.058333333333332,78.25,994.0041666666666,4.258333333333334,80.875,175.0,2,2,0,200.0,205.0,173.0,175.0,149.56666666666666,154.57500000000002,98.66666666666669,102.525,193.33333333333331,176.71428571428572,170.92857142857142,135.57500000000002,104.77380952380952,104.94821428571429,-25.0,188.0,168.0,161.0
2026-02-03,127.31666666666666,131.45833333333334,1917.1666666666667,25.02083333333333,64.35000000000001,63.79166666666666,14.254166666666668,69.75,995.225,3.3708333333333336,26.08333333333333,188.0,3,2,1,175.0,200.0,205.0,160.0,102.58333333333331,149.56666666666666,154.57500000000002,73.68333333333334,187.66666666666663,180.7142857142857,167.5,126.48888888888888,112.4357142857143,100.78779761904762,13.0,168.0,161.0,174.0
2026-02-04,88.72083333333335,92.62916666666666,1424.6666666666667,10.266666666666667,34.583333333333336,66.45833333333333,15.608333333333334,60.125,995.825,6.404166666666666,15.166666666666666,168.0,4,2,2,188.0,175.0,200.0,167.0,127.31666666666666,102.58333333333331,149.56666666666666,86.875,177.0,180.8571428571429,163.14285714285714,106.20694444444445,112.69940476190476,94.36011904761904,-20.0,161.0,174.0,108.0
2026-02-05,74.97916666666667,79.125,2161.1666666666665,17.595833333333335,53.18333333333334,59.083333333333336,15.641666666666666,55.708333333333336,993.8625,3.5416666666666665,4.25,161.0,5,2,3,168.0,188.0,175.0,157.0,88.72083333333335,127.31666666666666,102.58333333333331,67.46666666666667,172.33333333333334,181.42857142857144,162.64285714285714,97.00555555555556,113.77261904761905,93.33571428571427,-7.0,174.0,108.0,154.0
2026-02-06,99.80416666666667,103.675,2340.458333333333,25.84583333333333,66.89999999999999,66.41666666666667,17.070833333333333,60.41666666666666,992.9875,4.379166666666666,18.041666666666668,174.0,6,2,4,161.0,168.0,188.0,173.0,74.97916666666667,88.72083333333335,127.31666666666666,98.66666666666669,167.66666666666666,181.57142857142856,166.0,87.83472222222224,113.93511904761904,97.16636904761906,13.0,108.0,154.0,171.0
2026-02-07,38.19583333333333,57.2,997.3333333333334,11.179166666666667,28.883333333333336,66.91666666666667,17.287499999999998,46.75,991.35,8.025,1.6666666666666667,108.0,7,2,5,174.0,161.0,168.0,205.0,99.80416666666667,74.97916666666667,88.72083333333335,154.57500000000002,147.66666666666666,167.71428571428572,169.57142857142858,70.99305555555556,97.3095238095238,95.93303571428572,-66.0,154.0,171.0,154.0
2026-02-08,60.40833333333333,65.67916666666666,1696.4166666666667,16.175,50.72916666666666,63.54166666666666,17.666666666666668,42.79166666666666,989.25,3.8791666666666655,65.70833333333333,154.0,8,2,6,108.0,174.0,161.0,200.0,38.19583333333333,99.80416666666667,74.97916666666667,149.56666666666666,145.33333333333334,161.14285714285714,168.92857142857142,66.1361111111111,84.57261904761904,94.66904761904762,46.0,171.0,154.0,37.0
2026-02-09,94.12916666666666,99.0625,1450.75,22.254166666666663,55.97083333333333,59.208333333333336,17.541666666666668,60.708333333333336,989.3125,5.704166666666667,92.70833333333331,171.0,9,2,0,154.0,108.0,174.0,175.0,60.40833333333333,38.19583333333333,99.80416666666667,102.58333333333331,144.33333333333334,160.57142857142858,168.64285714285714,64.24444444444445,83.36488095238096,94.06934523809524,17.0,154.0,37.0,151.0
2026-02-10,61.22083333333333,68.70833333333333,986.5416666666666,12.479166666666666,24.3875,88.45833333333333,17.029166666666665,66.75,992.3333333333334,6.908333333333334,38.0,154.0,10,2,1,171.0,154.0,108.0,188.0,94.12916666666666,60.40833333333333,38.19583333333333,127.31666666666666,159.66666666666666,155.71428571428572,168.21428571428572,71.91944444444444,73.92261904761905,93.17916666666667,-17.0,37.0,151.0,159.0
2026-02-11,35.416666666666664,39.97916666666666,903.375,10.404166666666669,24.258333333333336,72.875,18.14583333333333,51.625,994.2416666666668,8.375,20.291666666666668,37.0,11,2,2,154.0,171.0,154.0,168.0,61.22083333333333,94.12916666666666,60.40833333333333,88.72083333333335,120.66666666666669,137.0,158.92857142857142,63.588888888888896,66.3077380952381,89.50357142857142,-117.0,151.0,159.0,158.0
2026-02-12,55.675,58.95,1463.5,16.150000000000002,46.86666666666667,66.08333333333333,18.679166666666667,47.375,991.525,3.9791666666666665,57.25,151.0,12,2,3,37.0,154.0,171.0,161.0,35.416666666666664,61.22083333333333,94.12916666666666,74.97916666666667,114.0,135.57142857142858,158.5,50.770833333333336,63.55,88.66130952380954,114.0,159.0,158.0,162.0
2026-02-13,70.55833333333334,72.62916666666666,1512.0833333333333,17.566666666666666,48.09583333333333,69.75,18.90833333333333,51.79166666666666,989.7,5.020833333333333,14.791666666666666,159.0,13,2,4,151.0,37.0,154.0,174.0,55.675,35.416666666666664,61.22083333333333,99.80416666666667,115.66666666666669,133.42857142857142,157.5,53.88333333333335,59.3720238095238,86.65357142857142,8.0,158.0,162.0,162.0
2026-02-14,68.80833333333334,72.89583333333333,1789.0416666666667,17.2375,42.05416666666667,82.375,19.9375,55.583333333333336,988.9375,4.7625,16.041666666666668,158.0,14,2,5,159.0,151.0,37.0,108.0,70.55833333333334,55.675,35.416666666666664,38.19583333333333,156.0,140.57142857142858,154.14285714285714,65.0138888888889,63.7452380952381,80.52738095238094,-1.0,162.0,162.0,161.0
2026-02-15,76.7375,87.875,1831.9583333333333,18.516666666666666,56.39166666666667,65.70833333333333,19.804166666666667,54.375,988.0833333333334,4.175,5.208333333333333,162.0,15,2,6,158.0,159.0,151.0,154.0,68.80833333333334,70.55833333333334,55.675,60.40833333333333,159.66666666666666,141.71428571428572,151.42857142857142,72.03472222222223,66.07797619047619,75.32529761904762,4.0,162.0,161.0,156.0
2026-02-16,77.18333333333334,87.2625,1384.75,18.8875,42.95,91.79166666666669,19.6875,65.20833333333333,987.4208333333332,4.2250000000000005,33.625,162.0,16,2,0,162.0,158.0,159.0,171.0,76.7375,68.80833333333334,70.55833333333334,94.12916666666666,160.66666666666666,140.42857142857142,150.5,74.24305555555556,63.65714285714285,73.5110119047619,0.0,161.0,156.0,167.0
2026-02-17,74.78750000000001,81.80416666666666,1315.4583333333333,21.22083333333333,38.141666666666666,84.29166666666667,19.104166666666668,68.125,989.475,5.566666666666666,80.08333333333333,161.0,17,2,1,162.0,162.0,158.0,154.0,77.18333333333334,76.7375,68.80833333333334,61.22083333333333,161.66666666666666,141.42857142857142,148.57142857142858,76.23611111111113,65.5952380952381,69.75892857142857,-1.0,156.0,167.0,159.0
2026-02-18,65.675,71.01666666666667,2185.2916666666665,16.954166666666666,39.40416666666667,85.125,19.508333333333333,62.458333333333336,990.6208333333334,3.1166666666666667,36.208333333333336,156.0,18,2,2,161.0,162.0,162.0,37.0,74.78750000000001,77.18333333333334,76.7375,35.416666666666664,159.66666666666666,158.42857142857142,147.71428571428572,72.54861111111111,69.91785714285714,68.11279761904761,-5.0,167.0,159.0,161.0
2026-02-19,86.24166666666667,89.93333333333334,1868.375,20.65833333333333,62.95416666666667,70.0,20.191666666666663,61.5,992.3375,2.966666666666667,1.625,167.0,19,2,3,156.0,161.0,162.0,151.0,65.675,74.78750000000001,77.18333333333334,55.675,161.33333333333334,160.71428571428572,148.14285714285714,75.56805555555557,74.2845238095238,68.9172619047619,11.0,159.0,161.0,171.0
2026-02-20,71.74166666666666,74.58333333333333,1424.4583333333333,18.83333333333333,31.46666666666667,113.0,21.475,54.833333333333336,992.475,5.641666666666667,0.0,159.0,20,2,4,167.0,156.0,161.0,159.0,86.24166666666667,65.675,74.78750000000001,70.55833333333334,160.66666666666666,160.71428571428572,147.07142857142858,74.55277777777779,74.45357142857144,66.91279761904762,-8.0,161.0,171.0,168.0
2026-02-21,75.02499999999999,76.95833333333333,1632.7083333333333,17.420833333333334,44.04583333333333,84.70833333333333,21.354166666666668,49.75,986.6583333333332,3.475,0.4166666666666667,161.0,21,2,5,159.0,167.0,156.0,158.0,71.74166666666666,86.24166666666667,65.675,68.80833333333334,162.33333333333334,161.14285714285714,150.85714285714286,77.66944444444444,75.34166666666667,69.54345238095239,2.0,171.0,168.0,177.0
2026-02-22,94.98333333333332,98.36666666666667,1815.875,18.8375,53.6,82.0,21.1125,60.5,983.9541666666668,3.925,1.4583333333333333,171.0,22,2,6,161.0,159.0,167.0,162.0,75.02499999999999,71.74166666666666,86.24166666666667,76.7375,163.66666666666666,162.42857142857142,152.07142857142858,80.58333333333333,77.94821428571429,72.01309523809523,10.0,168.0,177.0,165.0
2026-02-23,88.9375,94.35,1546.8333333333333,20.766666666666666,49.1625,75.375,21.054166666666667,61.25,984.95,3.1375,3.625,168.0,23,2,0,171.0,161.0,159.0,162.0,94.98333333333332,75.02499999999999,71.74166666666666,77.18333333333334,166.66666666666666,163.28571428571428,151.85714285714286,86.31527777777778,79.62738095238095,71.64226190476191,-3.0,177.0,165.0,164.0
2026-02-24,105.31666666666666,111.71666666666664,1693.125,25.8375,57.3375,76.41666666666667,20.9375,61.41666666666666,986.9458333333332,2.9375,10.916666666666666,177.0,24,2,1,168.0,171.0,161.0,161.0,88.9375,94.98333333333332,75.02499999999999,74.78750000000001,172.0,165.57142857142858,153.5,96.4125,83.98869047619048,74.79196428571427,9.0,165.0,164.0,162.0
2026-02-25,82.89583333333333,87.06666666666666,1869.0,17.045833333333334,49.22916666666666,77.04166666666667,21.73333333333333,54.708333333333336,987.375,4.4,19.5,165.0,25,2,2,177.0,168.0,171.0,156.0,105.31666666666666,88.9375,94.98333333333332,65.675,170.0,166.85714285714286,162.64285714285714,92.38333333333333,86.44880952380952,78.18333333333332,-12.0,164.0,162.0,144.0
2026-02-26,81.08333333333333,85.13333333333334,1614.7916666666667,19.23333333333333,46.6,80.95833333333333,22.1,48.54166666666666,984.1208333333334,4.9625,0.0,164.0,26,2,3,165.0,177.0,168.0,167.0,82.89583333333333,105.31666666666666,88.9375,86.24166666666667,168.66666666666666,166.42857142857142,163.57142857142858,89.76527777777778,85.71190476190476,79.99821428571428,-1.0,162.0,144.0,140.0
2026-02-27,77.1375,98.3,970.25,22.183333333333334,44.6,84.375,22.604166666666668,50.625,982.5375,4.8625,16.666666666666668,162.0,27,2,4,164.0,165.0,177.0,159.0,81.08333333333333,82.89583333333333,105.31666666666666,71.74166666666666,163.66666666666666,166.85714285714286,163.78571428571428,80.37222222222222,86.4827380952381,80.46815476190476,-2.0,144.0,140.0,115.0
2026-02-28,52.81666666666666,77.16250000000001,987.9166666666666,12.554166666666667,24.35833333333333,90.45833333333331,23.175,53.583333333333336,983.1666666666666,6.266666666666667,3.6666666666666665,144.0,28,2,5,162.0,164.0,165.0,161.0,77.1375,81.08333333333333,82.89583333333333,75.02499999999999,156.66666666666666,164.42857142857142,162.78571428571428,70.34583333333335,83.31011904761905,79.32589285714286,-18.0,140.0,115.0,119.0
2026-03-01,51.36666666666667,77.35833333333333,1451.6666666666667,11.6625,28.725,81.20833333333333,23.4125,42.16666666666666,984.2916666666666,6.275,4.125,140.0,1,3,6,144.0,162.0,164.0,171.0,52.81666666666666,77.1375,81.08333333333333,94.98333333333332,148.66666666666666,160.0,161.21428571428572,60.44027777777779,77.07916666666667,77.51369047619048,-4.0,115.0,119.0,156.0
2026-03-02,41.15833333333333,55.0875,938.2916666666666,9.158333333333331,23.22083333333333,89.58333333333333,23.954166666666666,39.375,986.5291666666668,8.4625,39.625,115.0,2,3,0,140.0,144.0,162.0,168.0,51.36666666666667,52.81666666666666,77.1375,88.9375,133.0,152.42857142857142,157.85714285714286,48.44722222222222,70.25357142857143,74.94047619047619,-25.0,119.0,156.0,152.0
2026-03-03,42.68333333333334,51.525,1120.4166666666667,11.5875,27.570833333333336,89.125,24.8,39.54166666666666,986.5208333333334,7.1875,7.875,119.0,3,3,1,115.0,140.0,144.0,177.0,41.15833333333333,51.36666666666667,52.81666666666666,105.31666666666666,124.66666666666669,144.14285714285714,154.85714285714286,45.06944444444445,61.305952380952384,72.64732142857143,4.0,156.0,152.0,153.0
2026-03-04,65.3875,87.11666666666667,1572.875,17.904166666666665,33.69583333333333,100.125,26.27916666666667,46.91666666666666,987.0958333333332,5.391666666666667,0.0416666666666666,156.0,4,3,2,119.0,115.0,140.0,165.0,42.68333333333334,41.15833333333333,51.36666666666667,82.89583333333333,130.0,142.85714285714286,154.85714285714286,49.74305555555557,58.804761904761904,72.62678571428572,37.0,152.0,153.0,148.0
2026-03-05,58.025,77.87083333333334,1258.8333333333333,14.9875,33.9625,88.70833333333333,27.304166666666664,48.875,984.2958333333332,5.4375,41.708333333333336,152.0,5,3,3,156.0,119.0,115.0,164.0,65.3875,42.68333333333334,41.15833333333333,81.08333333333333,142.33333333333334,141.14285714285714,153.78571428571428,55.36527777777778,55.510714285714286,70.61130952380952,-4.0,153.0,148.0,157.0
2026-03-06,59.00416666666666,66.83749999999999,1166.7916666666667,18.570833333333333,43.05,88.79166666666667,27.125,43.25,983.9916666666668,3.6041666666666665,21.0,153.0,6,3,4,152.0,156.0,119.0,162.0,58.025,65.3875,42.68333333333334,77.1375,153.66666666666666,139.85714285714286,153.35714285714286,60.80555555555557,52.9202380952381,69.70148809523809,1.0,148.0,157.0,164.0
2026-03-07,54.48333333333334,76.22916666666667,781.8333333333334,14.791666666666666,27.8,87.83333333333333,26.604166666666668,60.625,986.25,6.770833333333333,39.625,148.0,7,3,5,153.0,152.0,156.0,144.0,59.00416666666666,58.025,65.3875,52.81666666666666,151.0,140.42857142857142,152.42857142857142,57.17083333333335,53.15833333333334,68.23422619047619,-5.0,157.0,164.0,154.0
2026-03-08,66.75833333333334,97.3375,1054.8333333333333,17.625,37.21666666666666,97.625,27.629166666666663,55.083333333333336,986.8416666666668,3.4166666666666665,25.375,157.0,8,3,6,148.0,153.0,152.0,140.0,54.48333333333334,59.00416666666666,58.025,51.36666666666667,152.66666666666666,142.85714285714286,151.42857142857142,60.08194444444445,55.35714285714285,66.21815476190476,9.0,164.0,154.0,160.0
2026-03-09,81.61666666666666,108.69166666666666,1611.1666666666667,19.35,57.85833333333333,79.20833333333333,27.8625,53.125,986.6791666666668,4.25,74.54166666666667,164.0,9,3,0,157.0,148.0,153.0,115.0,66.75833333333334,54.48333333333334,59.00416666666666,41.15833333333333,156.33333333333334,149.85714285714286,151.14285714285714,67.61944444444445,61.13690476190476,65.6952380952381,7.0,154.0,160.0,124.0
2026-03-10,62.2625,82.4375,962.4166666666666,14.683333333333332,44.65,71.875,27.6125,50.16666666666666,987.9833333333332,5.933333333333334,90.41666666666669,154.0,10,3,1,164.0,157.0,148.0,119.0,81.61666666666666,66.75833333333334,54.48333333333334,42.68333333333334,158.33333333333334,154.85714285714286,149.5,70.2125,63.93392857142857,62.61994047619048,-10.0,160.0,124.0,81.0
2026-03-11,73.74583333333334,100.475,1436.0833333333333,16.537499999999998,42.11666666666667,78.75,26.766666666666666,54.54166666666666,986.0916666666668,6.154166666666666,86.20833333333333,160.0,11,3,2,154.0,164.0,157.0,156.0,62.2625,81.61666666666666,66.75833333333334,65.3875,159.33333333333334,155.42857142857142,149.14285714285714,72.54166666666667,65.12797619047619,61.96636904761905,6.0,124.0,81.0,103.0
2026-03-12,44.65833333333333,65.2375,804.6666666666666,10.841666666666669,18.425,90.79166666666669,22.6,73.54166666666667,984.3916666666664,7.766666666666667,43.66666666666666,124.0,12,3,3,160.0,154.0,164.0,152.0,73.74583333333334,62.2625,81.61666666666666,58.025,146.0,151.42857142857142,146.28571428571428,60.22222222222224,63.21845238095239,59.364583333333336,-36.0,81.0,103.0,93.0
2026-03-13,26.383333333333336,37.7375,876.9583333333334,7.695833333333333,20.75,77.04166666666667,23.02916666666667,58.0,984.5583333333334,6.520833333333333,86.04166666666667,81.0,13,3,4,124.0,160.0,154.0,153.0,44.65833333333333,73.74583333333334,62.2625,59.00416666666666,121.66666666666669,141.14285714285714,140.5,48.26250000000001,58.55833333333334,55.739285714285714,-43.0,103.0,93.0,88.0
2026-03-14,36.49583333333333,40.15,1064.0,14.258333333333333,47.225,69.45833333333333,23.425,48.04166666666666,983.0666666666666,5.575,88.45833333333333,103.0,14,3,5,81.0,124.0,160.0,148.0,26.383333333333336,44.65833333333333,73.74583333333334,54.48333333333334,102.66666666666669,134.71428571428572,137.57142857142858,35.84583333333334,55.98869047619048,54.57351190476191,22.0,93.0,88.0,104.0
2026-03-15,32.2625,46.8375,506.75,10.525,22.4,82.66666666666667,17.979166666666668,76.83333333333333,984.0541666666668,11.8375,59.958333333333336,93.0,15,3,6,103.0,81.0,124.0,157.0,36.49583333333333,26.383333333333336,44.65833333333333,66.75833333333334,92.33333333333331,125.57142857142856,134.21428571428572,31.71388888888889,51.06071428571429,53.20892857142858,-10.0,88.0,104.0,93.0
2026-03-16,29.633333333333336,76.70833333333333,588.2083333333334,7.95,20.466666666666665,80.91666666666667,16.754166666666666,75.375,985.4416666666666,8.208333333333334,48.16666666666666,88.0,16,3,0,93.0,103.0,81.0,164.0,32.2625,36.49583333333333,26.383333333333336,81.61666666666666,94.66666666666669,114.71428571428572,132.28571428571428,32.797222222222224,43.634523809523806,52.38571428571429,-5.0,104.0,93.0,106.0
2026-03-17,36.829166666666666,52.90416666666667,1667.1666666666667,10.483333333333333,41.391666666666666,70.125,19.191666666666663,63.583333333333336,985.3208333333332,6.291666666666667,83.625,104.0,17,3,1,88.0,93.0,103.0,154.0,29.633333333333336,32.2625,36.49583333333333,62.2625,95.0,107.57142857142856,131.21428571428572,32.90833333333334,40.00119047619047,51.96755952380953,16.0,93.0,106.0,121.0
2026-03-18,31.98333333333333,71.12916666666666,921.2916666666666,8.416666666666666,20.604166666666668,75.54166666666667,17.400000000000002,78.08333333333333,987.4125,7.712499999999999,97.875,93.0,18,3,2,104.0,88.0,93.0,160.0,36.829166666666666,29.633333333333336,32.2625,73.74583333333334,95.0,98.0,126.71428571428572,32.81527777777779,34.03511904761905,49.58154761904762,-11.0,106.0,121.0,154.0
2026-03-19,37.458333333333336,65.90833333333333,665.3333333333334,9.583333333333334,27.75,55.208333333333336,17.204166666666666,87.95833333333333,987.3333333333334,5.2125,95.20833333333331,106.0,19,3,3,93.0,104.0,88.0,124.0,31.98333333333333,36.829166666666666,29.633333333333336,44.65833333333333,101.0,95.42857142857144,123.42857142857144,35.42361111111112,33.006547619047616,48.1125,13.0,121.0,154.0,152.0
2026-03-20,43.8125,66.72500000000001,742.5416666666666,10.85,31.7375,71.625,17.429166666666667,82.04166666666667,985.9875,5.004166666666666,52.29166666666666,121.0,20,3,4,106.0,93.0,104.0,81.0,37.458333333333336,31.98333333333333,36.829166666666666,26.383333333333336,106.66666666666669,101.14285714285714,121.14285714285714,37.7513888888889,35.496428571428574,47.02738095238095,15.0,154.0,152.0,126.0
2026-03-21,61.96666666666667,76.57916666666667,1087.75,21.4375,38.09583333333333,76.04166666666667,19.066666666666663,76.41666666666667,988.6458333333334,4.575,72.25,154.0,21,3,5,121.0,106.0,93.0,103.0,43.8125,37.458333333333336,31.98333333333333,36.49583333333333,127.0,108.42857142857144,121.57142857142856,47.745833333333344,39.13511904761905,47.56190476190476,33.0,152.0,126.0,97.0
2026-03-22,57.35,79.925,1074.75,11.829166666666666,32.9375,82.33333333333333,21.554166666666664,65.20833333333333,986.9041666666668,5.8625,49.0,152.0,22,3,6,154.0,121.0,106.0,93.0,61.96666666666667,43.8125,37.458333333333336,32.2625,142.33333333333334,116.85714285714286,121.21428571428572,54.3763888888889,42.71904761904762,46.88988095238096,-2.0,126.0,97.0,95.0
2026-03-23,45.825,64.2,844.125,11.1375,28.654166666666665,86.91666666666667,22.3375,63.625,985.85,4.2875,11.916666666666666,126.0,23,3,0,152.0,154.0,121.0,88.0,57.35,61.96666666666667,43.8125,29.633333333333336,144.0,122.28571428571428,118.5,55.047222222222224,45.03214285714286,44.33333333333333,-26.0,97.0,95.0,81.0
2026-03-24,34.0875,45.04166666666666,984.7083333333334,10.3125,27.25,89.20833333333333,24.22083333333333,49.66666666666666,985.2291666666666,7.133333333333333,50.75,97.0,24,3,1,126.0,152.0,154.0,104.0,45.825,57.35,61.96666666666667,36.829166666666666,125.0,121.28571428571428,114.42857142857144,45.75416666666667,44.64047619047619,42.32083333333333,-29.0,95.0,81.0,95.0
2026-03-25,32.916666666666664,41.583333333333336,821.8333333333334,12.320833333333333,22.9,105.79166666666669,24.541666666666668,54.66666666666666,985.5541666666668,5.529166666666666,75.83333333333333,95.0,25,3,2,97.0,126.0,152.0,93.0,34.0875,45.825,57.35,31.98333333333333,106.0,121.57142857142856,109.78571428571428,37.609722222222224,44.773809523809526,39.40446428571429,-2.0,81.0,95.0,83.0
2026-03-26,26.2375,44.1875,642.4166666666666,9.9375,16.412499999999998,90.83333333333331,24.245833333333334,57.875,987.7041666666668,9.541666666666666,97.875,81.0,26,3,3,95.0,97.0,126.0,106.0,32.916666666666664,34.0875,45.825,37.458333333333336,91.0,118.0,106.71428571428572,31.080555555555566,43.17083333333333,38.08869047619048,-14.0,95.0,83.0,85.0
2026-03-27,32.791666666666664,38.73333333333333,1418.5416666666667,13.8,35.5,85.70833333333333,24.7,54.875,982.9041666666668,5.104166666666667,26.83333333333333,95.0,27,3,4,81.0,95.0,97.0,121.0,26.2375,32.916666666666664,34.0875,43.8125,90.33333333333331,114.28571428571428,107.71428571428572,30.64861111111112,41.59642857142857,38.54642857142857,14.0,83.0,85.0,114.0
2026-03-28,27.354166666666668,33.0,790.2083333333334,13.029166666666669,27.55,103.45833333333331,25.504166666666663,52.25,979.7208333333332,6.791666666666667,99.08333333333331,83.0,28,3,5,95.0,81.0,95.0,154.0,32.791666666666664,26.2375,32.916666666666664,61.96666666666667,86.33333333333333,104.14285714285714,106.28571428571428,28.79444444444445,36.65178571428572,37.89345238095238,-12.0,85.0,114.0,107.0
2026-03-29,28.15833333333333,72.10000000000001,524.5833333333334,9.854166666666666,17.1875,93.33333333333331,23.35833333333333,71.25,981.7583333333332,10.279166666666669,59.083333333333336,85.0,29,3,6,83.0,95.0,81.0,152.0,27.354166666666668,32.791666666666664,26.2375,57.35,87.66666666666667,94.57142857142856,105.71428571428572,29.43472222222223,32.48154761904762,37.60029761904762,2.0,114.0,107.0,118.0
2026-03-30,40.68333333333333,109.2875,458.7083333333333,11.520833333333334,22.2875,73.41666666666667,23.641666666666666,65.91666666666667,982.925,9.55,56.16666666666666,114.0,30,3,0,85.0,83.0,95.0,126.0,28.15833333333333,27.354166666666668,32.791666666666664,45.825,94.0,92.85714285714286,107.57142857142856,32.06527777777779,31.747023809523803,38.38958333333333,29.0,107.0,118.0,89.0
2026-03-31,37.9,102.57916666666668,726.25,11.320833333333333,28.5,79.66666666666667,24.65,51.29166666666666,984.8875,6.0375000000000005,68.875,107.0,31,3,1,114.0,85.0,83.0,97.0,40.68333333333333,28.15833333333333,27.354166666666668,34.0875,102.0,94.28571428571428,107.78571428571428,35.58055555555556,32.291666666666664,38.46607142857143,-7.0,118.0,89.0,81.0
2026-04-01,42.208333333333336,126.62083333333334,789.75,10.2125,27.691666666666663,81.04166666666667,25.59166666666667,46.66666666666666,985.9083333333332,5.816666666666666,90.79166666666669,118.0,1,4,2,107.0,114.0,85.0,95.0,37.9,40.68333333333333,28.15833333333333,32.916666666666664,113.0,97.57142857142856,109.57142857142856,40.26388888888889,33.61904761904761,39.19642857142857,11.0,89.0,81.0,91.0
2026-04-02,30.4,58.79166666666666,804.2083333333334,7.274999999999999,27.52083333333333,81.625,28.1875,40.16666666666666,984.1,5.670833333333333,88.25,89.0,2,4,3,118.0,107.0,114.0,81.0,42.208333333333336,37.9,40.68333333333333,26.2375,104.66666666666669,98.71428571428572,108.35714285714286,36.83611111111112,34.21369047619048,38.6922619047619,-29.0,81.0,91.0,103.0
2026-04-03,26.308333333333334,50.74166666666667,402.9583333333333,8.304166666666667,24.641666666666666,74.125,21.691666666666663,71.0,984.4458333333332,10.158333333333331,75.04166666666667,81.0,3,4,4,89.0,118.0,107.0,95.0,30.4,42.208333333333336,37.9,32.791666666666664,96.0,96.71428571428572,105.5,32.97222222222224,33.2875,37.441964285714285,-8.0,91.0,103.0,93.0
2026-04-04,31.2375,67.12083333333334,545.2083333333334,8.741666666666667,23.6875,74.25,20.40833333333333,74.375,985.0875,6.3625,49.41666666666666,91.0,4,4,5,81.0,89.0,118.0,83.0,26.308333333333334,30.4,42.208333333333336,27.354166666666668,87.0,97.85714285714286,101.0,29.31527777777779,33.842261904761905,35.24702380952381,10.0,103.0,93.0,93.0
2026-04-05,36.23333333333333,58.770833333333336,1072.0,10.7875,34.708333333333336,76.58333333333333,22.5375,52.708333333333336,983.9291666666668,4.633333333333334,8.791666666666666,103.0,5,4,6,91.0,81.0,89.0,85.0,31.2375,26.308333333333334,30.4,28.15833333333333,91.66666666666669,100.42857142857144,97.5,31.259722222222237,34.99583333333333,33.73869047619048,12.0,93.0,93.0,86.0
2026-04-06,32.28333333333333,39.85416666666666,901.3333333333334,10.3125,34.05,95.66666666666669,24.46666666666667,46.16666666666666,983.2625,5.275,47.66666666666666,93.0,6,4,0,103.0,91.0,81.0,114.0,36.23333333333333,31.2375,26.308333333333334,40.68333333333333,95.66666666666669,97.42857142857144,95.14285714285714,33.2513888888889,33.795833333333334,32.771428571428565,-10.0,93.0,86.0,91.0
2026-04-07,31.933333333333334,104.52083333333331,442.0833333333333,9.733333333333333,14.675,94.375,18.758333333333333,76.16666666666667,981.9666666666668,9.629166666666666,92.125,93.0,7,4,1,93.0,103.0,91.0,107.0,32.28333333333333,36.23333333333333,31.2375,37.9,96.33333333333331,95.42857142857144,94.85714285714286,33.48333333333334,32.94345238095239,32.617559523809526,0.0,86.0,91.0,67.0
2026-04-08,28.7375,55.81666666666666,484.8333333333333,8.5375,17.45,104.79166666666669,17.983333333333334,76.91666666666667,984.4791666666666,6.141666666666667,57.04166666666666,86.0,8,4,2,93.0,93.0,103.0,118.0,31.933333333333334,32.28333333333333,36.23333333333333,42.208333333333336,90.66666666666669,90.85714285714286,94.21428571428572,30.98472222222223,31.01904761904762,32.319047619047616,-7.0,91.0,67.0,91.0
2026-04-09,30.883333333333336,39.2625,681.0,9.595833333333331,25.229166666666668,94.75,19.8375,67.625,989.5125,5.5125,21.916666666666668,91.0,9,4,3,86.0,93.0,93.0,89.0,28.7375,31.933333333333334,32.28333333333333,30.4,90.0,91.14285714285714,94.92857142857144,30.518055555555566,31.08809523809524,32.65089285714286,5.0,67.0,91.0,74.0
2026-04-10,18.0,28.1,571.9583333333334,8.716666666666667,14.4625,117.79166666666669,23.78333333333333,49.66666666666666,988.5208333333334,9.783333333333331,61.75,67.0,10,4,4,91.0,86.0,93.0,81.0,30.883333333333336,28.7375,31.933333333333334,26.308333333333334,81.33333333333333,89.14285714285714,92.92857142857144,25.87361111111112,29.901190476190475,31.59434523809524,-24.0,91.0,74.0,66.0
2026-04-11,31.25,89.92083333333333,762.0416666666666,8.104166666666666,19.1875,109.08333333333331,22.616666666666664,60.79166666666666,985.5125,5.154166666666667,22.041666666666668,91.0,11,4,5,67.0,91.0,86.0,91.0,18.0,30.883333333333336,28.7375,31.2375,83.0,89.14285714285714,93.5,26.711111111111123,29.902976190476192,31.872619047619047,24.0,74.0,66.0,73.0
2026-04-12,22.9,38.825,829.7083333333334,8.237499999999999,25.325,97.875,24.979166666666668,44.29166666666666,983.8625,6.425,9.5,74.0,12,4,6,91.0,67.0,91.0,103.0,31.25,18.0,30.883333333333336,36.23333333333333,77.33333333333333,85.0,92.71428571428572,24.05000000000001,27.998214285714287,31.497023809523814,-17.0,66.0,73.0,72.0
2026-04-13,19.404166666666665,23.09583333333333,803.1666666666666,8.654166666666667,19.34583333333333,115.33333333333331,26.941666666666663,36.125,984.0958333333332,5.816666666666666,43.833333333333336,66.0,13,4,0,74.0,91.0,67.0,93.0,22.9,31.25,18.0,32.28333333333333,77.0,81.14285714285714,89.28571428571429,24.518055555555563,26.15833333333333,29.977083333333333,-8.0,73.0,72.0,68.0
2026-04-14,22.616666666666664,25.0,971.0833333333334,9.920833333333333,22.525,114.33333333333331,28.616666666666664,34.625,982.65,5.170833333333333,4.583333333333333,73.0,14,4,1,66.0,74.0,91.0,93.0,19.404166666666665,22.9,31.25,31.933333333333334,71.0,78.28571428571429,86.85714285714286,21.640277777777783,24.827380952380956,28.885416666666664,7.0,72.0,68.0,62.0
2026-04-15,22.03333333333333,26.9,915.2083333333334,9.108333333333333,27.42083333333333,98.83333333333331,30.08333333333333,35.333333333333336,980.1791666666668,6.4750000000000005,27.08333333333333,72.0,15,4,2,73.0,66.0,74.0,86.0,22.616666666666664,19.404166666666665,22.9,28.7375,70.33333333333333,76.28571428571429,83.57142857142857,21.35138888888889,23.869642857142857,27.44434523809524,-1.0,68.0,62.0,64.0
2026-04-16,20.191666666666663,31.33333333333333,620.0,9.479166666666666,25.575,106.04166666666669,31.125,30.416666666666668,981.3625,7.074999999999999,88.5,68.0,16,4,3,72.0,73.0,66.0,91.0,22.03333333333333,22.616666666666664,19.404166666666665,30.883333333333336,71.0,73.0,82.07142857142857,21.61388888888889,22.3422619047619,26.715178571428574,-4.0,62.0,64.0,89.0
2026-04-17,17.1875,34.112500000000004,444.0,5.129166666666666,11.829166666666666,102.29166666666669,28.40416666666667,35.833333333333336,984.4375,13.775,78.20833333333333,62.0,17,4,4,68.0,72.0,73.0,67.0,20.191666666666663,22.03333333333333,22.616666666666664,18.0,67.33333333333333,72.28571428571429,80.71428571428571,19.804166666666674,22.226190476190474,26.06369047619048,-6.0,64.0,89.0,70.0
2026-04-18,18.28333333333333,38.37916666666667,417.0,5.954166666666667,13.316666666666668,102.66666666666669,30.125,33.458333333333336,983.1291666666666,13.066666666666668,63.04166666666666,64.0,18,4,5,62.0,68.0,72.0,91.0,17.1875,20.191666666666663,22.03333333333333,31.25,64.66666666666667,68.42857142857143,78.78571428571429,18.55416666666668,20.373809523809523,25.138392857142858,2.0,89.0,70.0,75.0
2026-04-19,30.254166666666663,60.0875,676.375,10.1625,33.983333333333334,87.29166666666667,28.95,35.833333333333336,982.1458333333334,7.320833333333333,54.91666666666666,89.0,19,4,6,64.0,62.0,68.0,74.0,18.28333333333333,17.1875,20.191666666666663,22.9,71.66666666666667,70.57142857142857,77.78571428571429,21.908333333333346,21.42440476190476,24.71130952380952,25.0,70.0,75.0,105.0
2026-04-20,21.029166666666665,38.579166666666666,648.1666666666666,7.633333333333333,17.666666666666668,104.04166666666669,31.1,27.70833333333333,981.3916666666668,8.066666666666666,20.666666666666668,70.0,20,4,0,89.0,64.0,62.0,66.0,30.254166666666663,18.28333333333333,17.1875,19.404166666666665,74.33333333333333,71.14285714285714,76.14285714285714,23.188888888888897,21.65654761904761,23.90744047619048,-19.0,75.0,105.0,93.0
2026-04-21,23.308333333333334,36.13333333333333,770.8333333333334,8.079166666666667,25.641666666666666,94.33333333333331,31.975,27.041666666666668,980.125,7.616666666666667,43.91666666666666,75.0,21,4,1,70.0,89.0,64.0,73.0,21.029166666666665,30.254166666666663,18.28333333333333,22.616666666666664,78.0,71.42857142857143,74.85714285714286,24.863888888888894,21.755357142857143,23.29136904761905,5.0,105.0,93.0,99.0
2026-04-22,37.17083333333333,53.23333333333333,788.3333333333334,13.441666666666668,40.766666666666666,103.70833333333331,33.0875,26.0,979.3666666666668,5.820833333333333,36.54166666666666,105.0,22,4,2,75.0,70.0,89.0,72.0,23.308333333333334,21.029166666666665,30.254166666666663,22.03333333333333,83.33333333333333,76.14285714285714,76.21428571428571,27.16944444444445,23.917857142857144,23.893750000000004,30.0,93.0,99.0,99.0
2026-04-23,32.30416666666667,48.4375,779.5416666666666,11.879166666666668,23.258333333333336,108.375,33.4375,29.791666666666668,980.05,6.204166666666667,36.208333333333336,93.0,23,4,3,105.0,75.0,70.0,68.0,37.17083333333333,23.308333333333334,21.029166666666665,20.191666666666663,91.0,79.71428571428571,76.35714285714286,30.927777777777788,25.64821428571429,23.995238095238097,-12.0,99.0,99.0,68.0
2026-04-24,34.733333333333334,70.90833333333333,550.7916666666666,9.733333333333333,19.879166666666663,99.625,34.24583333333333,27.95833333333333,980.8,8.258333333333333,62.75,99.0,24,4,4,93.0,105.0,75.0,62.0,32.30416666666667,37.17083333333333,23.308333333333334,17.1875,99.0,85.0,78.64285714285714,34.73611111111112,28.154761904761905,25.190476190476197,6.0,99.0,68.0,88.0
2026-04-25,34.6875,100.54166666666669,799.0,9.191666666666666,17.566666666666666,93.66666666666669,33.53333333333334,29.166666666666668,982.1916666666666,8.616666666666667,23.875,99.0,25,4,5,99.0,93.0,105.0,64.0,34.733333333333334,32.30416666666667,37.17083333333333,18.28333333333333,97.0,90.0,79.21428571428571,33.90833333333334,30.498214285714287,25.436011904761905,0.0,68.0,88.0,86.0
2026-04-26,20.141666666666666,38.85416666666666,651.3333333333334,7.004166666666666,19.866666666666667,96.54166666666669,33.75833333333333,25.375,979.1416666666668,8.541666666666666,29.166666666666668,68.0,26,4,6,99.0,99.0,93.0,89.0,34.6875,34.733333333333334,32.30416666666667,30.254166666666663,88.66666666666667,87.0,78.78571428571429,29.854166666666675,29.053571428571427,25.23898809523809,-31.0,88.0,86.0,84.0
2026-04-27,29.825,46.99583333333334,850.6666666666666,11.154166666666669,31.325,97.5,34.17916666666667,25.416666666666668,976.5875,6.45,61.125,88.0,27,4,0,68.0,99.0,99.0,70.0,20.141666666666666,34.6875,34.733333333333334,21.029166666666665,85.0,89.57142857142857,80.35714285714286,28.21805555555557,30.31011904761905,25.983333333333334,20.0,86.0,84.0,86.0
2026-04-28,28.53333333333333,52.04583333333333,700.25,10.395833333333334,26.804166666666664,84.33333333333333,30.08333333333333,39.458333333333336,977.8583333333332,10.904166666666669,71.20833333333333,86.0,28,4,1,88.0,68.0,99.0,75.0,29.825,20.141666666666666,34.6875,23.308333333333334,80.66666666666667,91.14285714285714,81.28571428571429,26.166666666666675,31.05654761904762,26.40595238095238,-2.0,84.0,86.0,101.0
2026-04-29,28.016666666666666,42.16666666666666,534.0,11.475,21.0625,116.625,27.391666666666666,56.04166666666666,978.025,5.429166666666667,17.041666666666668,84.0,29,4,2,86.0,88.0,68.0,105.0,28.53333333333333,29.825,20.141666666666666,37.17083333333333,86.0,88.14285714285714,82.14285714285714,28.791666666666675,29.748809523809523,26.83333333333333,-2.0,86.0,101.0,88.0
2026-04-30,28.65,49.56666666666666,625.625,10.566666666666666,32.32083333333333,108.33333333333331,28.27083333333333,44.75,978.125,5.933333333333334,14.333333333333334,86.0,30,4,3,84.0,86.0,88.0,93.0,28.016666666666666,28.53333333333333,29.825,32.30416666666667,85.33333333333333,87.14285714285714,83.42857142857143,28.40000000000001,29.22678571428571,27.4375,2.0,101.0,88.0,122.0
2026-05-01,35.59166666666667,84.22083333333333,759.9583333333334,10.354166666666666,26.8875,115.91666666666669,30.45833333333333,37.333333333333336,977.8375,5.795833333333333,9.708333333333334,101.0,1,5,4,86.0,84.0,86.0,99.0,28.65,28.016666666666666,28.53333333333333,34.733333333333334,90.33333333333331,87.42857142857143,86.21428571428571,30.752777777777784,29.34940476190476,28.75208333333333,15.0,88.0,122.0,116.0
2026-05-02,29.72083333333333,43.04583333333333,671.0416666666666,10.4,25.316666666666663,130.375,32.24583333333333,30.041666666666668,975.8583333333332,5.395833333333333,8.958333333333334,88.0,2,5,5,101.0,86.0,84.0,99.0,35.59166666666667,28.65,28.016666666666666,34.6875,91.66666666666669,85.85714285714286,87.92857142857143,31.320833333333344,28.63988095238096,29.56904761904762,-13.0,122.0,116.0,106.0
2026-05-03,44.020833333333336,154.05416666666667,444.6666666666667,9.495833333333334,14.191666666666668,130.70833333333334,28.433333333333334,43.625,978.3875,12.066666666666668,42.5,122.0,3,5,6,88.0,101.0,86.0,68.0,29.72083333333333,35.59166666666667,28.65,20.141666666666666,103.66666666666669,93.57142857142856,90.28571428571428,36.44444444444445,32.05119047619048,30.552380952380958,34.0,116.0,106.0,95.0
2026-05-04,41.49166666666667,138.65833333333333,434.875,9.579166666666667,14.320833333333333,124.79166666666669,25.25,58.25,981.6666666666666,11.045833333333334,69.08333333333333,116.0,4,5,0,122.0,88.0,101.0,88.0,44.020833333333336,29.72083333333333,35.59166666666667,29.825,108.66666666666669,97.57142857142856,93.57142857142856,38.411111111111126,33.71785714285714,32.0139880952381,-6.0,106.0,95.0,135.0
2026-05-05,37.60416666666666,89.9875,1344.4583333333333,9.716666666666669,37.48333333333333,105.75,25.820833333333336,56.66666666666666,984.725,5.020833333333333,7.958333333333333,106.0,5,5,1,116.0,122.0,88.0,86.0,41.49166666666667,44.020833333333336,29.72083333333333,28.53333333333333,114.66666666666669,100.42857142857144,95.78571428571428,41.0388888888889,35.01369047619048,33.03511904761905,-10.0,95.0,135.0,153.0
2026-05-06,32.791666666666664,50.9,655.6666666666666,10.4875,32.87916666666667,117.95833333333331,27.225,50.54166666666666,981.0458333333332,4.795833333333333,12.375,95.0,6,5,2,106.0,116.0,122.0,84.0,37.60416666666666,41.49166666666667,44.020833333333336,28.016666666666666,105.66666666666669,102.0,95.07142857142856,37.29583333333334,35.69583333333333,32.722321428571426,-11.0,135.0,153.0,160.0
2026-05-07,49.34583333333333,188.9333333333333,548.5,11.304166666666667,9.7875,151.33333333333334,28.15,46.833333333333336,981.6916666666666,8.266666666666667,11.875,135.0,7,5,3,95.0,106.0,116.0,86.0,32.791666666666664,37.60416666666666,41.49166666666667,28.65,112.0,109.0,98.07142857142856,39.91388888888889,38.65238095238095,33.93958333333334,40.0,153.0,160.0,164.0
2026-05-08,58.5375,226.275,531.3333333333334,12.9125,12.758333333333333,146.29166666666666,28.929166666666664,47.958333333333336,983.0958333333332,6.504166666666666,11.25,153.0,8,5,4,135.0,95.0,106.0,101.0,49.34583333333333,32.791666666666664,37.60416666666666,35.59166666666667,127.66666666666669,116.42857142857144,101.92857142857144,46.89166666666667,41.93035714285714,35.63988095238095,18.0,160.0,164.0,163.0
2026-05-09,72.21249999999999,257.4583333333333,684.3333333333334,15.104166666666666,25.20833333333333,139.08333333333334,31.6375,42.5,982.4458333333332,5.5625,3.7916666666666665,160.0,9,5,5,153.0,135.0,95.0,88.0,58.5375,49.34583333333333,32.791666666666664,29.72083333333333,149.33333333333334,126.71428571428572,106.28571428571428,60.031944444444456,48.00059523809524,38.320238095238096,7.0,164.0,163.0,153.0
2026-05-10,80.13333333333334,279.4375,597.0,14.983333333333334,17.408333333333335,143.08333333333334,32.737500000000004,44.0,981.6166666666668,7.9125,66.0,164.0,10,5,6,160.0,153.0,135.0,122.0,72.21249999999999,58.5375,49.34583333333333,44.020833333333336,159.0,132.71428571428572,113.14285714285714,70.29444444444447,53.159523809523805,42.60535714285714,4.0,163.0,153.0,154.0
2026-05-11,79.41666666666667,237.3375,663.8333333333334,14.220833333333331,27.954166666666666,129.33333333333334,29.1,58.75,982.0333333333332,8.870833333333334,14.583333333333334,163.0,11,5,0,164.0,160.0,153.0,116.0,80.13333333333334,72.21249999999999,58.5375,41.49166666666667,162.33333333333334,139.42857142857142,118.5,77.25416666666668,58.57738095238096,46.147619047619045,-1.0,153.0,154.0,148.0
2026-05-12,59.4,113.00416666666666,684.9583333333334,9.358333333333333,17.195833333333333,119.41666666666669,32.12916666666667,42.125,978.9041666666668,6.779166666666666,11.083333333333334,153.0,12,5,1,163.0,164.0,160.0,106.0,79.41666666666667,80.13333333333334,72.21249999999999,37.60416666666666,160.0,146.14285714285714,123.28571428571428,72.98333333333335,61.69107142857143,48.35238095238095,-10.0,154.0,148.0,125.0
2026-05-13,60.68333333333334,130.225,979.0416666666666,10.616666666666667,20.041666666666668,113.79166666666669,32.083333333333336,39.083333333333336,977.4083333333332,7.9875,20.75,154.0,13,5,2,153.0,163.0,164.0,95.0,59.4,79.41666666666667,80.13333333333334,32.791666666666664,156.66666666666666,154.57142857142858,128.28571428571428,66.50000000000001,65.67559523809523,50.68571428571429,1.0,148.0,125.0,108.0
2026-05-14,54.725,85.18333333333334,866.75,12.358333333333334,35.02916666666667,95.375,30.8,41.375,977.275,6.916666666666667,61.583333333333336,148.0,14,5,3,154.0,153.0,163.0,135.0,60.68333333333334,59.4,79.41666666666667,49.34583333333333,151.66666666666666,156.42857142857142,132.71428571428572,58.26944444444445,66.44404761904762,52.54821428571429,-6.0,125.0,108.0,88.0
2026-05-15,45.06666666666666,67.27499999999999,714.125,12.85,30.04583333333333,96.20833333333331,31.204166666666666,39.833333333333336,978.5958333333332,6.783333333333334,59.54166666666666,125.0,15,5,4,148.0,154.0,153.0,153.0,54.725,60.68333333333334,59.4,58.5375,142.33333333333334,152.42857142857142,134.42857142857142,53.491666666666674,64.51964285714286,53.225,-23.0,108.0,88.0,92.0
2026-05-16,38.22083333333333,63.90416666666667,848.375,10.4,35.329166666666666,87.70833333333333,32.729166666666664,36.083333333333336,978.7375,6.741666666666667,2.2916666666666665,108.0,16,5,5,125.0,148.0,154.0,160.0,45.06666666666666,54.725,60.68333333333334,72.21249999999999,127.0,145.0,135.85714285714286,46.00416666666667,59.66369047619048,53.83214285714286,-17.0,88.0,92.0,107.0
2026-05-17,29.77916666666667,50.4375,588.0,9.216666666666669,18.745833333333334,103.25,34.041666666666664,35.416666666666664,977.1375,8.225,4.541666666666667,88.0,17,5,6,108.0,125.0,148.0,164.0,38.22083333333333,45.06666666666666,54.725,80.13333333333334,107.0,134.14285714285714,133.42857142857142,37.6888888888889,52.470238095238095,52.81488095238095,-20.0,92.0,107.0,102.0
2026-05-18,31.71666666666667,50.99583333333334,845.0833333333334,12.491666666666667,28.03333333333333,100.91666666666669,36.60833333333333,32.833333333333336,974.95,5.525,4.125,92.0,18,5,0,88.0,108.0,125.0,163.0,29.77916666666667,38.22083333333333,45.06666666666666,79.41666666666667,96.0,124.0,131.71428571428572,33.2388888888889,45.65595238095239,52.11666666666667,4.0,107.0,102.0,79.0
2026-05-19,37.85416666666666,58.208333333333336,944.4583333333334,12.5625,40.675,86.29166666666667,35.95,25.75,976.0875,6.525,0.2916666666666667,107.0,19,5,1,92.0,88.0,108.0,153.0,31.71666666666667,29.77916666666667,38.22083333333333,59.4,95.66666666666669,117.42857142857144,131.78571428571428,33.116666666666674,42.57797619047619,52.134523809523806,15.0,102.0,79.0,96.0
2026-05-20,35.7625,62.09166666666667,619.5833333333334,12.470833333333331,26.945833333333336,109.25,37.0375,24.541666666666668,975.0166666666668,7.745833333333334,8.458333333333334,102.0,20,5,2,107.0,92.0,88.0,154.0,37.85416666666666,31.71666666666667,29.77916666666667,60.68333333333334,100.33333333333331,110.0,132.28571428571428,35.11111111111112,39.017857142857146,52.34672619047619,-5.0,79.0,96.0,99.0
2026-05-21,25.46666666666667,48.89166666666667,391.3333333333333,7.704166666666667,16.970833333333335,98.04166666666669,35.625,25.291666666666668,977.3583333333332,13.179166666666667,35.458333333333336,79.0,21,5,3,102.0,107.0,92.0,148.0,35.7625,37.85416666666666,31.71666666666667,54.725,96.0,100.14285714285714,128.28571428571428,33.027777777777786,34.83809523809524,50.64107142857143,-23.0,96.0,99.0,84.0
2026-05-22,33.3875,70.76666666666667,881.7916666666666,8.708333333333334,27.804166666666664,90.0,34.4375,30.33333333333333,979.8958333333334,6.0875,21.83333333333333,96.0,22,5,4,79.0,102.0,107.0,125.0,25.46666666666667,35.7625,37.85416666666666,45.06666666666666,92.33333333333331,96.0,124.21428571428572,31.53888888888889,33.169642857142854,48.84464285714285,17.0,99.0,84.0,84.0
2026-05-23,34.733333333333334,66.625,583.1666666666666,10.1125,23.70833333333333,102.125,35.170833333333334,26.541666666666668,979.0333333333332,6.275,16.0,99.0,23,5,5,96.0,79.0,102.0,108.0,33.3875,25.46666666666667,35.7625,38.22083333333333,91.33333333333331,94.71428571428572,119.85714285714286,31.195833333333344,32.67142857142857,46.16755952380952,3.0,84.0,84.0,82.0
2026-05-24,27.879166666666663,51.79583333333333,369.25,6.9,16.904166666666665,97.125,34.30416666666667,27.45833333333333,978.075,8.5375,8.0,84.0,24,5,6,99.0,96.0,79.0,88.0,34.733333333333334,33.3875,25.46666666666667,29.77916666666667,93.0,94.14285714285714,114.14285714285714,32.00000000000001,32.4,42.43511904761905,-15.0,84.0,82.0,102.0
2026-05-25,27.854166666666668,45.40416666666667,591.3333333333334,8.329166666666667,20.79583333333333,105.20833333333331,35.15,22.916666666666668,977.2708333333334,8.370833333333334,6.5,84.0,25,5,0,84.0,99.0,96.0,92.0,27.879166666666663,34.733333333333334,33.3875,31.71666666666667,89.0,93.0,108.5,30.15555555555557,31.848214285714285,38.75208333333334,0.0,82.0,102.0,108.0
2026-05-26,26.64583333333333,34.425000000000004,819.25,9.491666666666667,29.15833333333333,106.0,35.52916666666667,21.58333333333333,978.0125,7.570833333333333,1.7083333333333333,82.0,26,5,1,84.0,84.0,99.0,107.0,27.854166666666668,27.879166666666663,34.733333333333334,37.85416666666666,83.33333333333333,89.42857142857143,103.42857142857144,27.45972222222223,30.247023809523807,36.4125,-2.0,102.0,108.0,258.0
2026-05-27,36.05416666666667,51.60833333333333,1159.1666666666667,12.6625,43.925,100.5,37.6,20.666666666666668,976.8791666666666,7.204166666666667,7.416666666666667,102.0,27,5,2,82.0,84.0,84.0,102.0,26.64583333333333,27.854166666666668,27.879166666666663,35.7625,89.33333333333333,89.42857142857143,99.71428571428572,30.184722222222238,30.288690476190474,34.65327380952381,20.0,108.0,258.0,132.0
2026-05-28,38.38333333333333,70.74166666666666,617.2083333333334,10.083333333333334,30.1,106.79166666666669,35.34166666666667,23.58333333333333,976.6666666666666,7.9875,18.791666666666668,108.0,28,5,3,102.0,82.0,84.0,79.0,36.05416666666667,26.64583333333333,27.854166666666668,25.46666666666667,97.33333333333331,93.57142857142856,96.85714285714286,33.69444444444446,32.13392857142857,33.4860119047619,6.0,258.0,132.0,136.0
2026-05-29,112.66666666666669,395.06666666666666,474.8333333333333,14.55,15.0125,142.625,32.80833333333333,37.41666666666666,977.7875,12.125,22.125,258.0,29,5,4,108.0,102.0,82.0,96.0,38.38333333333333,36.05416666666667,26.64583333333333,33.3875,156.0,116.71428571428572,106.35714285714286,62.36805555555557,43.459523809523816,38.31458333333334,150.0,132.0,136.0,140.0
2026-05-30,48.25,146.20833333333334,693.3333333333334,9.354166666666666,14.695833333333333,123.875,25.09166666666667,71.625,981.775,11.141666666666666,42.583333333333336,132.0,30,5,5,258.0,108.0,102.0,99.0,112.66666666666669,38.38333333333333,36.05416666666667,34.733333333333334,166.0,121.42857142857144,108.07142857142856,66.43333333333334,45.39047619047619,39.03095238095239,-126.0,136.0,140.0,169.0
2026-05-31,49.68333333333334,178.15,457.4583333333333,10.545833333333333,14.420833333333334,119.625,28.70833333333333,54.16666666666666,982.7083333333334,9.033333333333331,3.4166666666666665,136.0,31,5,6,132.0,258.0,108.0,84.0,48.25,112.66666666666669,38.38333333333333,27.879166666666663,175.33333333333334,128.85714285714286,111.5,70.2,48.50535714285714,40.45267857142857,4.0,140.0,169.0,153.0
2026-06-01,51.1625,109.0125,646.5833333333334,11.079166666666667,35.53333333333333,99.54166666666669,31.2875,45.04166666666666,982.0625,6.079166666666667,8.125,140.0,1,6,0,136.0,132.0,258.0,84.0,49.68333333333334,48.25,112.66666666666669,27.854166666666668,136.0,136.85714285714286,114.92857142857144,49.69861111111112,51.83511904761905,41.84166666666668,4.0,169.0,153.0,151.0
2026-06-02,89.80416666666667,239.73333333333332,763.25,17.587500000000002,51.2375,101.25,33.112500000000004,38.91666666666666,980.6666666666666,5.916666666666667,29.166666666666668,169.0,2,6,1,140.0,136.0,132.0,82.0,51.1625,49.68333333333334,48.25,26.64583333333333,148.33333333333334,149.28571428571428,119.35714285714286,63.55000000000001,60.8577380952381,45.55238095238095,29.0,153.0,151.0,139.0
2026-06-03,59.94166666666666,100.95833333333331,972.4583333333334,14.4875,47.5,101.75,32.9125,43.54166666666666,977.3333333333334,5.487500000000001,17.583333333333332,153.0,3,6,2,169.0,140.0,136.0,102.0,89.80416666666667,51.1625,49.68333333333334,36.05416666666667,154.0,156.57142857142858,123.0,66.96944444444445,64.2702380952381,47.27946428571429,-16.0,151.0,139.0,145.0
2026-06-04,55.97083333333333,85.75416666666666,1711.2083333333333,14.504166666666668,25.8125,124.20833333333331,29.683333333333334,51.458333333333336,976.0083333333332,7.516666666666667,25.625,151.0,4,6,3,153.0,169.0,140.0,108.0,59.94166666666666,89.80416666666667,51.1625,38.38333333333333,157.66666666666666,162.71428571428572,128.14285714285714,68.57222222222224,66.78273809523809,49.458333333333336,-2.0,139.0,145.0,113.0
2026-06-05,51.0,68.97083333333333,1155.6666666666667,15.320833333333333,36.175,124.79166666666669,31.0,46.583333333333336,977.2541666666666,4.620833333333334,0.5833333333333334,139.0,5,6,4,151.0,153.0,169.0,258.0,55.97083333333333,59.94166666666666,89.80416666666667,112.66666666666669,147.66666666666666,145.71428571428572,131.21428571428572,55.63750000000001,57.973214285714285,50.71636904761905,-12.0,145.0,113.0,103.0
2026-06-06,53.45416666666667,63.7125,853.4166666666666,17.104166666666668,49.9,115.83333333333331,34.62083333333333,31.08333333333333,977.0375,3.9791666666666665,6.916666666666667,145.0,6,6,5,139.0,151.0,153.0,132.0,51.0,55.97083333333333,59.94166666666666,48.25,145.0,147.57142857142858,134.5,53.475000000000016,58.71666666666668,52.05357142857143,6.0,113.0,103.0,128.0
2026-06-07,40.2,50.475,564.4583333333334,12.008333333333333,27.58333333333333,120.25,35.858333333333334,25.83333333333333,976.6625,5.008333333333334,1.375,113.0,7,6,6,145.0,139.0,151.0,136.0,53.45416666666667,51.0,55.97083333333333,49.68333333333334,132.33333333333334,144.28571428571428,136.57142857142858,48.218055555555566,57.36190476190477,52.93363095238095,-32.0,103.0,128.0,126.0
2026-06-08,36.41666666666666,50.02916666666667,744.7916666666666,11.220833333333331,25.85833333333333,125.04166666666669,37.27916666666667,25.33333333333333,974.575,6.1125,3.5416666666666665,103.0,8,6,0,113.0,145.0,139.0,140.0,40.2,53.45416666666667,51.0,51.1625,120.33333333333331,139.0,137.92857142857142,43.35694444444445,55.25535714285714,53.545238095238105,-10.0,128.0,126.0,171.0
2026-06-09,46.37916666666666,85.85416666666667,866.2916666666666,13.404166666666669,30.58333333333333,120.20833333333331,38.0,26.5,972.575,5.633333333333333,6.125,128.0,9,6,1,103.0,113.0,145.0,169.0,36.41666666666666,40.2,53.45416666666667,89.80416666666667,114.66666666666669,133.14285714285714,141.21428571428572,40.99861111111111,49.051785714285714,54.9547619047619,25.0,126.0,171.0,223.0
2026-06-10,45.53333333333333,70.4625,1016.125,13.654166666666669,32.24166666666667,115.54166666666669,37.66666666666666,28.33333333333333,972.1,6.2,9.333333333333334,126.0,10,6,2,128.0,103.0,113.0,153.0,46.37916666666666,36.41666666666666,40.2,59.94166666666666,119.0,129.28571428571428,142.92857142857142,42.776388888888896,46.99345238095238,55.63184523809524,-2.0,171.0,223.0,101.0
2026-06-11,90.3,296.12916666666666,484.4583333333333,10.425,13.741666666666667,139.70833333333334,34.458333333333336,42.125,973.1708333333332,12.366666666666667,17.625,171.0,11,6,3,126.0,128.0,103.0,151.0,45.53333333333333,46.37916666666666,36.41666666666666,55.97083333333333,141.66666666666666,132.14285714285714,147.42857142857142,60.73750000000001,51.89761904761905,59.340178571428574,45.0,223.0,101.0,123.0
2026-06-12,85.52083333333333,370.51666666666665,541.8333333333334,6.9,16.658333333333335,98.29166666666669,28.73333333333333,63.91666666666666,979.4541666666668,12.5,48.54166666666666,223.0,12,6,4,171.0,126.0,128.0,139.0,90.3,45.53333333333333,46.37916666666666,51.0,173.33333333333334,144.14285714285714,144.92857142857142,73.78472222222223,56.82916666666666,57.40119047619047,52.0,101.0,123.0,115.0
2026-06-13,35.67916666666667,88.11666666666667,623.1666666666666,7.125,28.129166666666663,91.0,26.275,73.83333333333333,980.2583333333332,8.775,14.541666666666666,101.0,13,6,5,223.0,171.0,126.0,145.0,85.52083333333333,90.3,45.53333333333333,53.45416666666667,165.0,137.85714285714286,142.71428571428572,70.50000000000001,54.28988095238095,56.503273809523805,-122.0,123.0,115.0,137.0
2026-06-14,44.2625,63.07083333333333,1240.5,13.483333333333334,53.00416666666666,90.66666666666669,30.08333333333333,55.66666666666666,977.0958333333332,2.645833333333333,0.4166666666666667,123.0,14,6,6,101.0,223.0,171.0,113.0,35.67916666666667,85.52083333333333,90.3,40.2,149.0,139.28571428571428,141.78571428571428,55.15416666666668,54.87023809523809,56.11607142857143,22.0,115.0,137.0,155.0
2026-06-15,41.12083333333333,62.82083333333333,1109.875,12.433333333333332,20.266666666666666,130.54166666666666,30.291666666666668,58.875,977.7375,5.3500000000000005,12.833333333333334,115.0,15,6,0,123.0,101.0,223.0,103.0,44.2625,35.67916666666667,85.52083333333333,36.41666666666666,113.0,141.0,140.0,40.35416666666668,55.5422619047619,55.39880952380952,-8.0,137.0,155.0,131.0
2026-06-16,50.025,77.20833333333333,1237.5,12.695833333333333,34.28333333333333,102.91666666666669,29.195833333333336,66.45833333333333,979.4708333333332,5.095833333333333,25.916666666666668,137.0,16,6,1,115.0,123.0,101.0,128.0,41.12083333333333,44.2625,35.67916666666667,46.37916666666666,125.0,142.28571428571428,137.71428571428572,45.13611111111112,56.06309523809523,52.55744047619047,22.0,155.0,131.0,155.0
2026-06-17,62.75416666666666,85.36666666666667,1294.4583333333333,18.35833333333333,49.97083333333333,106.79166666666669,31.5,59.458333333333336,978.8416666666668,3.3833333333333333,4.875,155.0,17,6,2,137.0,115.0,123.0,126.0,50.025,41.12083333333333,44.2625,45.53333333333333,135.66666666666666,146.42857142857142,137.85714285714286,51.30000000000001,58.52321428571429,52.75833333333333,18.0,131.0,155.0,126.0
2026-06-18,47.79583333333333,62.54166666666666,867.5833333333334,14.525,21.629166666666663,133.16666666666666,32.104166666666664,52.208333333333336,977.9041666666668,4.166666666666667,34.416666666666664,131.0,18,6,3,155.0,137.0,115.0,171.0,62.75416666666666,50.025,41.12083333333333,90.3,141.0,140.71428571428572,136.42857142857142,53.525000000000006,52.45119047619047,52.17440476190476,-24.0,155.0,126.0,121.0
2026-06-19,63.99166666666667,83.97500000000001,918.9166666666666,15.6125,50.68333333333334,105.83333333333331,30.454166666666666,57.458333333333336,978.975,5.033333333333333,16.5,155.0,19,6,4,131.0,155.0,137.0,223.0,47.79583333333333,62.75416666666666,50.025,85.52083333333333,147.0,131.0,137.57142857142858,58.18055555555557,49.37559523809524,53.10238095238095,24.0,126.0,121.0,110.0
2026-06-20,45.65833333333333,64.47500000000001,849.1666666666666,11.0625,28.14583333333333,108.5,33.625,43.125,978.275,5.658333333333334,23.791666666666668,126.0,20,6,5,155.0,131.0,155.0,101.0,63.99166666666667,47.79583333333333,62.75416666666666,35.67916666666667,137.33333333333334,134.57142857142858,136.21428571428572,52.48194444444445,50.80119047619048,52.54553571428571,-29.0,121.0,110.0,126.0
2026-06-21,43.49583333333334,78.22916666666667,632.2916666666666,10.195833333333333,19.65,98.70833333333331,32.225,48.458333333333336,976.8625,6.945833333333333,50.333333333333336,121.0,21,6,6,126.0,155.0,131.0,123.0,45.65833333333333,63.99166666666667,47.79583333333333,44.2625,134.0,134.28571428571428,136.78571428571428,51.04861111111112,50.69166666666667,52.78095238095239,-5.0,110.0,126.0,134.0
2026-06-22,39.05833333333333,56.71666666666667,597.125,14.783333333333331,27.529166666666665,116.54166666666669,31.5375,50.458333333333336,977.7875,4.245833333333334,33.083333333333336,110.0,22,6,0,121.0,126.0,155.0,115.0,43.49583333333334,45.65833333333333,63.99166666666667,41.12083333333333,119.0,133.57142857142858,137.28571428571428,42.73750000000001,50.39702380952381,52.96964285714285,-11.0,126.0,134.0,145.0
2026-06-23,45.6,74.44583333333334,729.4166666666666,13.854166666666666,32.82083333333333,104.83333333333331,33.84583333333333,42.29166666666666,975.0,6.4750000000000005,15.833333333333334,126.0,23,6,1,110.0,121.0,126.0,137.0,39.05833333333333,43.49583333333334,45.65833333333333,50.025,119.0,132.0,137.14285714285714,42.718055555555566,49.76488095238095,52.913988095238096,16.0,134.0,145.0,160.0
2026-06-24,48.82916666666667,91.67083333333332,616.5416666666666,13.2125,25.52083333333333,117.0,34.1125,43.66666666666666,975.225,8.025,8.916666666666666,134.0,24,6,2,126.0,110.0,121.0,155.0,45.6,39.05833333333333,43.49583333333334,62.75416666666666,123.33333333333331,129.0,137.71428571428572,44.495833333333344,47.77559523809524,53.14940476190476,8.0,145.0,160.0,163.0
2026-06-25,53.5,90.8625,1032.125,13.758333333333333,33.079166666666666,109.16666666666669,28.4,73.66666666666667,978.0875,7.629166666666666,51.25,145.0,25,6,3,134.0,126.0,110.0,131.0,48.82916666666667,45.6,39.05833333333333,47.79583333333333,135.0,131.0,135.85714285714286,49.30972222222224,48.59047619047619,50.52083333333333,11.0,160.0,163.0,141.0
2026-06-26,72.3875,104.75833333333333,811.9583333333334,16.695833333333333,44.55833333333334,120.58333333333331,31.954166666666666,65.16666666666667,977.9666666666668,3.4333333333333336,9.166666666666666,160.0,26,6,4,145.0,134.0,126.0,155.0,53.5,48.82916666666667,45.6,63.99166666666667,146.33333333333334,131.71428571428572,131.35714285714286,58.2388888888889,49.78988095238096,49.58273809523809,15.0,163.0,141.0,135.0
2026-06-27,78.80833333333334,106.24583333333334,1034.5833333333333,16.579166666666666,47.94583333333333,119.0,33.69166666666667,58.708333333333336,975.9541666666668,5.4125000000000005,5.375,163.0,27,6,5,160.0,145.0,134.0,126.0,72.3875,53.5,48.82916666666667,45.65833333333333,156.0,137.0,135.78571428571428,68.23194444444445,54.52559523809524,52.66339285714286,3.0,141.0,135.0,156.0
2026-06-28,51.55,75.42916666666666,667.5416666666666,13.120833333333332,24.0875,115.66666666666669,34.30833333333333,56.29166666666666,973.4333333333334,7.25,7.666666666666667,141.0,28,6,6,163.0,160.0,145.0,121.0,78.80833333333334,72.3875,53.5,43.49583333333334,154.66666666666666,139.85714285714286,137.07142857142858,67.58194444444446,55.67619047619047,53.18392857142857,-22.0,135.0,156.0,361.0
2026-06-29,49.25833333333333,82.72083333333333,575.1666666666666,12.070833333333333,29.820833333333336,101.29166666666669,36.4625,47.91666666666666,971.975,5.720833333333334,15.25,135.0,29,6,0,141.0,163.0,160.0,110.0,51.55,78.80833333333334,72.3875,39.05833333333333,146.33333333333334,143.42857142857142,138.5,59.87222222222224,57.13333333333334,53.76517857142858,-6.0,156.0,361.0,170.0
2026-06-30,65.4375,141.99166666666667,462.5833333333333,12.541666666666666,19.8875,116.125,35.925000000000004,49.083333333333336,972.6958333333332,7.8875,20.58333333333333,156.0,30,6,1,135.0,141.0,163.0,126.0,49.25833333333333,51.55,78.80833333333334,45.6,144.0,147.71428571428572,139.85714285714286,55.41527777777779,59.96726190476191,54.86607142857143,21.0,361.0,170.0,111.0
2026-07-01,141.21666666666667,473.1208333333333,516.5833333333334,11.616666666666667,17.4,110.66666666666669,32.06666666666667,68.54166666666667,974.2583333333332,11.420833333333334,19.5,361.0,1,7,2,156.0,135.0,141.0,134.0,65.4375,49.25833333333333,51.55,48.82916666666667,217.33333333333331,180.14285714285714,154.57142857142858,85.30416666666667,73.16547619047618,60.47053571428571,205.0,170.0,111.0,153.0
2026-07-02,93.17916666666666,263.4583333333333,645.0,12.058333333333332,22.89583333333333,110.91666666666669,30.475,72.83333333333333,976.0666666666666,7.383333333333333,14.541666666666666,170.0,2,7,3,361.0,156.0,135.0,145.0,141.21666666666667,65.4375,49.25833333333333,53.5,229.0,183.7142857142857,157.35714285714286,99.94444444444446,78.83392857142857,63.71220238095238,-191.0,111.0,153.0,165.0
2026-07-03,39.5625,49.6,610.7916666666666,10.783333333333331,19.90833333333333,131.83333333333334,33.75,58.25,975.8666666666668,6.308333333333334,7.541666666666667,111.0,3,7,4,170.0,361.0,156.0,160.0,93.17916666666666,141.21666666666667,65.4375,72.3875,214.0,176.71428571428572,154.21428571428572,91.31944444444446,74.14464285714284,61.96726190476191,-59.0,153.0,165.0,149.0
2026-07-04,59.083333333333336,71.41250000000001,739.5,11.783333333333331,22.52916666666667,131.83333333333334,34.208333333333336,57.958333333333336,973.7875,7.233333333333333,16.083333333333332,153.0,4,7,5,111.0,170.0,361.0,163.0,39.5625,93.17916666666666,141.21666666666667,78.80833333333334,144.66666666666666,175.28571428571428,156.14285714285714,63.94166666666667,71.32678571428572,62.92619047619048,42.0,165.0,149.0,168.0
2026-07-05,82.7625,108.3875,570.5,17.787499999999998,20.65,143.91666666666666,34.35,59.375,973.0541666666668,5.733333333333333,51.91666666666666,165.0,5,7,6,153.0,111.0,170.0,141.0,59.083333333333336,39.5625,93.17916666666666,51.55,143.0,178.71428571428572,159.28571428571428,60.469444444444456,75.78571428571429,65.73095238095239,12.0,149.0,168.0,165.0
2026-07-06,55.1625,63.65833333333333,665.0,9.0625,23.42083333333333,112.41666666666669,32.74583333333333,65.91666666666667,973.7708333333334,7.458333333333333,50.958333333333336,149.0,6,7,0,165.0,153.0,111.0,135.0,82.7625,59.083333333333336,39.5625,49.25833333333333,155.66666666666666,180.7142857142857,162.07142857142858,65.66944444444447,76.62916666666668,66.88125,-16.0,168.0,165.0,160.0
2026-07-07,88.6125,123.29166666666669,941.375,14.3875,28.0625,130.66666666666666,32.82083333333333,66.70833333333333,972.6375,6.808333333333334,36.41666666666666,168.0,7,7,1,149.0,165.0,153.0,156.0,55.1625,82.7625,59.083333333333336,65.4375,160.66666666666666,182.42857142857144,165.07142857142858,75.5125,79.93988095238095,69.95357142857144,19.0,165.0,160.0,157.0
2026-07-08,82.925,160.85,653.625,17.1875,17.108333333333334,136.875,32.12916666666667,65.20833333333333,972.9708333333332,7.633333333333333,17.333333333333332,165.0,8,7,2,168.0,149.0,165.0,361.0,88.6125,55.1625,82.7625,141.21666666666667,160.66666666666666,154.42857142857142,167.28571428571428,75.56666666666668,71.6125,72.38898809523809,-3.0,160.0,157.0,166.0
2026-07-09,72.08749999999999,124.13333333333333,633.7083333333334,18.4,17.945833333333333,157.16666666666666,32.55833333333333,61.25,973.7958333333332,6.7375,21.541666666666668,160.0,9,7,3,165.0,168.0,149.0,170.0,82.925,88.6125,55.1625,93.17916666666666,164.33333333333334,153.0,168.35714285714286,81.20833333333334,68.59940476190476,73.71666666666667,-5.0,157.0,166.0,167.0
2026-07-10,67.17916666666666,112.43333333333334,595.3333333333334,14.020833333333334,19.391666666666666,138.625,31.36666666666667,68.0,973.5458333333332,8.208333333333334,27.0,157.0,10,7,4,160.0,165.0,168.0,111.0,72.08749999999999,82.925,88.6125,39.5625,160.66666666666666,159.57142857142858,168.14285714285714,74.06388888888888,72.54464285714286,73.34464285714286,-3.0,166.0,167.0,168.0
2026-07-11,84.11666666666666,190.925,458.625,8.391666666666667,17.270833333333332,114.70833333333331,30.183333333333334,75.45833333333333,971.8458333333332,8.700000000000001,37.083333333333336,166.0,11,7,5,157.0,160.0,165.0,153.0,67.17916666666666,72.08749999999999,82.925,59.083333333333336,161.0,161.42857142857142,168.35714285714286,74.46111111111111,76.12083333333332,73.72380952380952,9.0,167.0,168.0,170.0
2026-07-12,86.8125,179.3125,669.0,11.325,36.80833333333333,86.33333333333333,27.804166666666664,82.54166666666667,971.9,5.6375,46.833333333333336,167.0,12,7,6,166.0,157.0,160.0,165.0,84.11666666666666,67.17916666666666,72.08749999999999,82.7625,163.33333333333334,161.71428571428572,170.21428571428572,79.36944444444445,76.69940476190474,76.24255952380953,1.0,168.0,170.0,160.0
2026-07-13,87.95,159.60833333333332,1609.2916666666667,21.23333333333333,54.67916666666667,87.70833333333333,30.15833333333333,76.125,972.9791666666666,3.0500000000000003,54.29166666666666,168.0,13,7,0,167.0,166.0,157.0,149.0,86.8125,84.11666666666666,67.17916666666666,55.1625,167.0,164.42857142857142,172.57142857142858,86.29305555555555,81.38333333333333,79.00625,1.0,170.0,160.0,157.0
2026-07-14,92.59583333333336,169.0,1642.3333333333333,17.104166666666668,35.708333333333336,111.58333333333331,31.5375,68.08333333333333,974.8583333333332,3.5500000000000003,54.0,170.0,14,7,1,168.0,167.0,166.0,168.0,87.95,86.8125,84.11666666666666,88.6125,168.33333333333334,164.71428571428572,173.57142857142858,89.11944444444445,81.95238095238095,80.94613095238095,2.0,160.0,157.0,155.0
2026-07-15,72.73333333333333,125.25,1501.0416666666667,15.270833333333334,28.320833333333336,114.04166666666669,31.34583333333333,64.95833333333333,976.8791666666666,3.9583333333333335,37.583333333333336,160.0,15,7,2,170.0,168.0,167.0,165.0,92.59583333333336,87.95,86.8125,82.925,166.0,164.0,159.21428571428572,84.4263888888889,80.49642857142858,76.05446428571429,-10.0,157.0,155.0,158.0
2026-07-16,66.675,98.63333333333333,860.1666666666666,16.766666666666666,32.516666666666666,125.33333333333331,33.13333333333333,61.958333333333336,976.3291666666668,3.966666666666667,5.916666666666667,157.0,16,7,3,160.0,170.0,168.0,160.0,72.73333333333333,92.59583333333336,87.95,72.08749999999999,162.33333333333334,163.57142857142858,158.28571428571428,77.33472222222224,79.72321428571429,74.16130952380954,-3.0,155.0,158.0,167.0
2026-07-17,63.20416666666667,134.94166666666666,720.4166666666666,12.025,29.8,99.20833333333331,34.30833333333333,54.333333333333336,975.4875,6.5375000000000005,24.33333333333333,155.0,17,7,4,157.0,160.0,170.0,157.0,66.675,72.73333333333333,92.59583333333336,67.17916666666666,157.33333333333334,163.28571428571428,161.42857142857142,67.53750000000001,79.15535714285714,75.85000000000001,-2.0,158.0,167.0,161.0
2026-07-18,68.16666666666667,152.56666666666666,667.75,10.8625,26.425,97.625,35.479166666666664,51.333333333333336,974.7291666666666,6.383333333333333,39.5,158.0,18,7,5,155.0,157.0,160.0,166.0,63.20416666666667,66.675,72.73333333333333,84.11666666666666,156.66666666666666,162.14285714285714,161.78571428571428,66.0152777777778,76.87678571428572,76.49880952380953,3.0,167.0,161.0,86.0
2026-07-19,87.39166666666667,185.99166666666667,609.8333333333334,11.870833333333332,20.579166666666666,108.0,34.3875,57.458333333333336,975.2875,5.720833333333334,81.0,167.0,19,7,6,158.0,155.0,157.0,167.0,68.16666666666667,63.20416666666667,66.675,86.8125,160.0,162.14285714285714,161.92857142857142,72.92083333333335,76.95952380952382,76.82946428571428,9.0,161.0,86.0,90.0
2026-07-20,74.38333333333334,160.36666666666667,527.5,11.275,18.341666666666665,104.95833333333331,30.729166666666668,79.70833333333333,975.8375,9.3125,88.58333333333333,161.0,20,7,0,167.0,158.0,155.0,168.0,87.39166666666667,68.16666666666667,63.20416666666667,87.95,162.0,161.14285714285714,162.78571428571428,76.64722222222223,75.02142857142857,78.20238095238096,-6.0,86.0,90.0,83.0
2026-07-21,28.54583333333333,46.37083333333334,703.875,9.004166666666666,19.058333333333334,85.04166666666667,27.766666666666666,85.83333333333333,977.1125,10.483333333333333,94.875,86.0,21,7,1,161.0,167.0,158.0,170.0,74.38333333333334,87.39166666666667,68.16666666666667,92.59583333333336,138.0,149.14285714285714,156.92857142857142,63.440277777777794,65.87142857142858,73.91190476190476,-75.0,90.0,83.0,109.0
2026-07-22,30.4375,30.754166666666663,625.1666666666666,7.233333333333333,21.7375,80.58333333333333,27.47083333333333,86.5,976.7125,10.054166666666667,86.95833333333333,90.0,22,7,2,86.0,161.0,167.0,160.0,28.54583333333333,74.38333333333334,87.39166666666667,72.73333333333333,112.33333333333331,139.14285714285714,151.57142857142858,44.45555555555557,59.829166666666666,70.16279761904762,4.0,83.0,109.0,86.0
2026-07-23,27.0875,27.83333333333333,752.5833333333334,7.783333333333334,24.5875,59.54166666666666,26.72083333333333,88.70833333333333,975.9875,9.158333333333331,94.20833333333331,83.0,23,7,3,90.0,86.0,161.0,157.0,30.4375,28.54583333333333,74.38333333333334,66.675,86.33333333333333,128.57142857142858,146.07142857142858,28.69027777777779,54.17380952380953,66.9485119047619,-7.0,109.0,86.0,156.0
2026-07-24,38.93333333333333,39.15833333333333,776.6666666666666,9.070833333333333,27.079166666666666,91.45833333333331,29.025,82.54166666666667,975.5375,6.3375,64.08333333333333,109.0,24,7,4,83.0,90.0,86.0,155.0,27.0875,30.4375,28.54583333333333,63.20416666666667,94.0,122.0,142.64285714285714,32.152777777777786,50.70654761904762,64.93095238095238,26.0,86.0,156.0,164.0
2026-07-25,28.945833333333336,30.98333333333333,588.9583333333334,8.041666666666666,19.59583333333333,85.41666666666667,27.791666666666668,89.04166666666667,977.2458333333334,9.045833333333333,74.83333333333333,86.0,25,7,5,109.0,83.0,90.0,158.0,38.93333333333333,27.0875,30.4375,68.16666666666667,92.66666666666669,111.71428571428572,136.92857142857142,31.65555555555557,45.10357142857144,60.99017857142858,-23.0,156.0,164.0,153.0
2026-07-26,65.31666666666666,65.80416666666666,1384.6666666666667,16.091666666666665,40.09583333333333,96.16666666666669,30.53333333333333,82.5,976.3875,3.704166666666667,42.333333333333336,156.0,26,7,6,86.0,109.0,83.0,167.0,28.945833333333336,38.93333333333333,27.0875,87.39166666666667,117.0,110.14285714285714,136.14285714285714,44.39861111111112,41.95,59.4547619047619,70.0,164.0,153.0,112.0
2026-07-27,80.1875,84.56666666666666,1419.6666666666667,23.8,53.72083333333333,123.125,32.13333333333333,74.41666666666667,972.975,3.4791666666666665,50.833333333333336,164.0,27,7,0,156.0,86.0,109.0,161.0,65.31666666666666,28.945833333333336,38.93333333333333,74.38333333333334,135.33333333333334,110.57142857142856,135.85714285714286,58.15000000000001,42.77916666666666,58.90029761904761,8.0,153.0,112.0,146.0
2026-07-28,58.82916666666667,68.29583333333333,680.75,12.6,22.016666666666666,130.08333333333334,31.066666666666663,79.33333333333333,973.0166666666668,7.212499999999999,75.04166666666667,153.0,28,7,1,164.0,156.0,86.0,86.0,80.1875,65.31666666666666,28.945833333333336,28.54583333333333,157.66666666666666,120.14285714285714,134.64285714285714,68.11111111111113,47.10535714285714,56.488392857142856,-11.0,112.0,146.0,103.0
2026-07-29,40.1625,51.6,958.25,11.470833333333331,29.8875,98.66666666666669,29.59583333333333,80.54166666666667,974.6083333333332,5.6625000000000005,56.66666666666666,112.0,29,7,2,153.0,164.0,156.0,90.0,58.82916666666667,80.1875,65.31666666666666,30.4375,143.0,123.28571428571428,131.21428571428572,59.72638888888891,48.49464285714286,54.16190476190476,-41.0,146.0,103.0,117.0
2026-07-30,53.7625,61.395833333333336,847.0833333333334,12.108333333333334,24.854166666666668,127.625,29.758333333333336,83.5,974.0625,6.3125,56.375,146.0,30,7,3,112.0,153.0,164.0,83.0,40.1625,58.82916666666667,80.1875,27.0875,137.0,132.28571428571428,130.42857142857142,50.91805555555556,52.30535714285714,53.239583333333336,34.0,103.0,117.0,114.0
2026-07-31,36.1625,36.825,614.5,10.608333333333333,22.77916666666667,100.5,28.558333333333334,85.91666666666667,975.725,8.195833333333333,74.625,103.0,31,7,4,146.0,112.0,153.0,109.0,53.7625,40.1625,58.82916666666667,38.93333333333333,120.33333333333331,131.42857142857142,126.71428571428572,43.36250000000001,51.90952380952381,51.30803571428572,-43.0,117.0,114.0,97.0
2026-08-01,41.85416666666666,43.3125,652.0416666666666,10.841666666666669,30.495833333333334,88.41666666666667,30.25,78.79166666666667,975.2625,6.191666666666666,22.70833333333333,117.0,1,8,5,103.0,146.0,112.0,86.0,36.1625,53.7625,40.1625,28.945833333333336,122.0,135.85714285714286,123.78571428571428,43.9263888888889,53.75357142857143,49.42857142857143,14.0,114.0,97.0,154.0
2026-08-02,40.85416666666666,43.1625,755.125,11.266666666666666,21.84166666666667,112.0,30.9125,76.91666666666667,975.6916666666666,5.179166666666666,30.45833333333333,114.0,2,8,6,117.0,103.0,146.0,156.0,41.85416666666666,36.1625,53.7625,65.31666666666666,111.33333333333331,129.85714285714286,120.0,39.62361111111112,50.25892857142857,46.104464285714286,-3.0,97.0,154.0,152.0
2026-08-03,34.12916666666667,34.59166666666667,879.1666666666666,9.404166666666669,19.195833333333333,120.875,30.0375,80.08333333333333,976.2666666666668,5.2375,63.29166666666666,97.0,3,8,0,114.0,117.0,103.0,164.0,40.85416666666666,41.85416666666666,36.1625,80.1875,109.33333333333331,120.28571428571428,115.42857142857144,38.94583333333335,43.67916666666667,43.22916666666667,-17.0,154.0,152.0,149.0
2026-08-04,60.8125,62.54166666666666,1101.0833333333333,18.591666666666665,38.520833333333336,123.04166666666669,29.85833333333333,83.41666666666667,976.6666666666666,3.2916666666666665,44.125,154.0,4,8,1,97.0,114.0,117.0,153.0,34.12916666666667,40.85416666666666,41.85416666666666,58.82916666666667,121.66666666666669,120.42857142857144,120.28571428571428,45.26527777777779,43.9625,45.533928571428575,57.0,152.0,149.0,120.0
2026-08-05,57.5875,64.14583333333333,922.2083333333334,14.595833333333331,30.15416666666667,123.625,30.35,77.75,973.7666666666668,5.441666666666666,21.875,152.0,5,8,2,154.0,97.0,114.0,112.0,60.8125,34.12916666666667,40.85416666666666,40.1625,134.33333333333334,126.14285714285714,124.71428571428572,50.843055555555566,46.45178571428571,47.473214285714285,-2.0,149.0,120.0,116.0
2026-08-06,54.80416666666667,86.32083333333333,793.3333333333334,12.658333333333331,21.3,115.83333333333331,30.2625,77.08333333333333,974.8916666666668,7.216666666666666,23.45833333333333,149.0,6,8,3,152.0,154.0,97.0,146.0,57.5875,60.8125,34.12916666666667,53.7625,151.66666666666666,126.57142857142856,129.42857142857142,57.73472222222224,46.60059523809524,49.45297619047619,-3.0,120.0,116.0,156.0
2026-08-07,43.05416666666667,49.42083333333333,851.0,12.341666666666669,38.18333333333333,100.375,29.4375,76.625,976.0541666666668,5.55,18.666666666666668,120.0,7,8,4,149.0,152.0,154.0,103.0,54.80416666666667,57.5875,60.8125,36.1625,140.33333333333334,129.0,130.21428571428572,51.815277777777794,47.585119047619045,49.74732142857143,-29.0,116.0,156.0,156.0
2026-08-08,41.7625,42.17083333333333,772.9166666666666,8.366666666666667,29.77083333333333,64.91666666666667,28.129166666666663,83.20833333333333,977.8583333333332,5.8500000000000005,78.45833333333333,116.0,8,8,5,120.0,149.0,152.0,117.0,43.05416666666667,54.80416666666667,57.5875,41.85416666666666,128.33333333333334,128.85714285714286,132.35714285714286,46.54027777777779,47.572023809523806,50.662797619047616,-4.0,156.0,156.0,141.0
2026-08-09,65.02499999999999,65.75833333333334,1107.9166666666667,19.0875,54.85,99.33333333333331,29.495833333333334,80.375,977.6166666666668,3.5,60.16666666666666,156.0,9,8,6,116.0,120.0,149.0,114.0,41.7625,43.05416666666667,54.80416666666667,40.85416666666666,130.66666666666666,134.85714285714286,132.35714285714286,49.94722222222222,51.02499999999999,50.64196428571428,40.0,156.0,141.0,166.0
2026-08-10,64.74166666666666,65.63333333333334,874.3333333333334,20.35,31.254166666666663,151.29166666666666,31.133333333333336,77.04166666666667,975.7125,5.0625,71.83333333333333,156.0,10,8,0,156.0,116.0,120.0,97.0,65.02499999999999,41.7625,43.05416666666667,34.12916666666667,142.66666666666666,143.28571428571428,131.78571428571428,57.17638888888889,55.39821428571428,49.53869047619048,0.0,141.0,166.0,164.0
2026-08-11,51.77916666666667,53.95,685.4166666666666,14.220833333333331,20.825,123.45833333333331,29.84166666666667,83.45833333333333,976.575,7.554166666666667,61.25,141.0,11,8,1,156.0,156.0,116.0,154.0,64.74166666666666,65.02499999999999,41.7625,60.8125,151.0,141.42857142857142,130.92857142857142,60.51527777777778,54.1077380952381,49.03511904761905,-15.0,166.0,164.0,152.0
2026-08-12,84.47916666666667,87.175,1277.875,20.77083333333333,60.46666666666667,105.25,31.633333333333336,75.33333333333333,977.575,4.208333333333333,36.458333333333336,166.0,12,8,2,141.0,156.0,156.0,152.0,51.77916666666667,64.74166666666666,65.02499999999999,57.5875,154.33333333333334,143.42857142857142,134.78571428571428,67.0,57.949404761904766,52.20059523809524,25.0,164.0,152.0,156.0
